costo,nombre,precio_venta,referencia_interna,unidad_medida,categoria_producto,archivo_imagen,imagen_url
233.0,100/20 MPPT BLUESOLAR,390.0,MPPT 100/20,Unidades,CONTROLADORES,MPPT_100_20.jpg,http://localhost:3000/uploads/MPPT_100_20.jpg
410.0,100/30 MPPT BLUESOLAR,550.0,MPPT 100/30,Unidades,CONTROLADORES,MPPT_100_30.jpg,http://localhost:3000/uploads/MPPT_100_30.jpg
147.0,100W PANEL SOLAR MONO INT. 18.8V -5.32A,240.0,430 - 450 W/D,Unidades,PANELES,430_-_450_W_D.jpg,http://localhost:3000/uploads/430_-_450_W_D.jpg
112.5,12/24V 10A PWM-LCD USB BLUESOLAR,150.0,PWM/10A,Unidades,CONTROLADORES,PWM_10A.jpg,http://localhost:3000/uploads/PWM_10A.jpg
158.0,12/24V 30A PWM-Light BLUESOLAR,200.0,PWM-Light 30A ,Unidades,CONTROLADORES,PWM-Light_30A.jpg,http://localhost:3000/uploads/PWM-Light_30A.jpg
1024.0,12/800 INVERSOR,1331.0,12-800 230V,Unidades,INVERSORES,12-800_230V.jpg,http://localhost:3000/uploads/12-800_230V.jpg
568.0,12V 100AH BATERIA RITAR AGM,700.0,RA12-100,Unidades,BATERIAS,RA12-100.jpg,http://localhost:3000/uploads/RA12-100.jpg
680.0,12V-150AH BATERIA GEL CICLO PROFUNDO INTIPOWER,1050.0,,Unidades,BATERIAS,12V-150AH_BATERIA_GEL_CICLO_PROFUNDO_INTIPOWER.jpg,http://localhost:3000/uploads/12V-150AH_BATERIA_GEL_CICLO_PROFUNDO_INTIPOWER.jpg
0.0,150/35 MPPT BLUESOLAR,980.0,MPPT 150/35,Unidades,CONTROLADORES,MPPT_150_35.jpg,http://localhost:3000/uploads/MPPT_150_35.jpg
215.0,150W PANEL  SOLAR MONO. INT. 19.20V - 7.82A,300.0,645 - 657W/D,Unidades,PANELES,645_-_657W_D.jpg,http://localhost:3000/uploads/645_-_657W_D.jpg
566.0,24/500 INVERSOR VICTRON PHOENIX  24V 500VA,792.0,24/500 230V,Unidades,INVERSORES,24_500_230V.jpg,http://localhost:3000/uploads/24_500_230V.jpg
960.0,24/800 INVERSOR,1230.0,24/800 230V,Unidades,INVERSORES,24_800_230V.jpg,http://localhost:3000/uploads/24_800_230V.jpg
310.0,250W PANEL SOLAR MONO -INTI 19.8V-13.6A,400.0,,Unidades,PANELES,250W_PANEL_SOLAR_MONO_-INTI_19.8V-13.6A.jpg,http://localhost:3000/uploads/250W_PANEL_SOLAR_MONO_-INTI_19.8V-13.6A.jpg
650.0,570W PANEL SOLAR TRINA 38.40V - 14.84A,580.0,2451 - 2565W/D,Unidades,PANELES,2451_-_2565W_D.jpg,http://localhost:3000/uploads/2451_-_2565W_D.jpg
320.0,610W PANEL SOLAR BIFACIAL ASTROENERGY 41.30V - 14.77A,650.0,2623 - 2745W/D,Unidades,PANELES,2623_-_2745W_D.jpg,http://localhost:3000/uploads/2623_-_2745W_D.jpg
220.0,75/15 BLUE SOLAR  MPPT BLUESOLAR,350.0,MPPT 75/15,Unidades,CONTROLADORES,MPPT_75_15.jpg,http://localhost:3000/uploads/MPPT_75_15.jpg
220.0,CAM IP 4MP BULLET HK-DS2CD1043G2-I,340.0,HK-DS2CD1043G2-I,Unidades,CAMARAS IP,HK-DS2CD1043G2-I.jpg,http://localhost:3000/uploads/HK-DS2CD1043G2-I.jpg
0.0,CONTACTO MAGNÉTICO PESADO,41.18,EMC-958,Unidades,ALARMA RISCO,EMC-958.jpg,http://localhost:3000/uploads/EMC-958.jpg
369.4,DISCO DURO PRPL WD 1 TR ST,420.0,SE-HDD1TB,Unidades,HDD,SE-HDD1TB.jpg,http://localhost:3000/uploads/SE-HDD1TB.jpg
380.44,DISCO DURO PRPL WD 2 TR ST,450.0,SE-HDD2TB,Unidades,HDD,SE-HDD2TB.jpg,http://localhost:3000/uploads/SE-HDD2TB.jpg
181.5,EZVIZ CAM IP INA WIFI 3MP EXT 2K RJ45 (19-26GB/D),239.9,CS-H3-R100-1H3WKFL,Unidades,CAM INALAMBRICAS,CS-H3-R100-1H3WKFL.jpg,http://localhost:3000/uploads/CS-H3-R100-1H3WKFL.jpg
123.6,EZVIZ PTZ CAM IP 4MP RJ45 (25-33GB/D),164.9,CS-H6C-R105-1J4WF,Unidades,CAM INALAMBRICAS,CS-H6C-R105-1J4WF.jpg,http://localhost:3000/uploads/CS-H6C-R105-1J4WF.jpg
20.0,HK 18M SENSOR PIR CBD,30.0,HK-DS-PDP18-EG2,Unidades,ALARMA,HK-DS-PDP18-EG2.jpg,http://localhost:3000/uploads/HK-DS-PDP18-EG2.jpg
17.0,HK CONTACTO MAGNETICO,28.0,HK-DS-PD1-MC-MS,Unidades,ALARMA,HK-DS-PD1-MC-MS.jpg,http://localhost:3000/uploads/HK-DS-PD1-MC-MS.jpg
0.0,"KIT PARARRAYOS (tetrapuntal, aisladores, cable cobre desnudo, Base de resina para tetrapuntal, conector, brazo para aislador, tubo de fijación en pared para tetrapuntal)",1500.0,,Unidades,ALARMA RISCO,KIT_PARARRAYOS_tetrapuntal_aisladores_cable_cobre_desnudo_Ba.jpg,http://localhost:3000/uploads/KIT_PARARRAYOS_tetrapuntal_aisladores_cable_cobre_desnudo_Ba.jpg
50.0,MEMORIA MICROSD 128GB NEO LUX,60.0,HK-HS-TF-D3/128G,Unidades,HDD,HK-HS-TF-D3_128G.jpg,http://localhost:3000/uploads/HK-HS-TF-D3_128G.jpg
370.0,PANEL 410 WP INTI MONOCRISTALINO,530.0,1892 - 1980 W/D,Unidades,PANELES,1892_-_1980_W_D.jpg,http://localhost:3000/uploads/1892_-_1980_W_D.jpg
0.0,SENSOR PIR DIGISENSE DE 15M,64.0,RK415PR0000C,Unidades,ALARMA RISCO,RK415PR0000C.jpg,http://localhost:3000/uploads/RK415PR0000C.jpg
112.0,SIRENA DOBLE TONO 30W,157.0,ES200R,Unidades,ALARMA,ES200R.jpg,http://localhost:3000/uploads/ES200R.jpg
0.0,WatchOUT™ PIR INALÁMBRICO,724.0,RWT312PR4,Unidades,ALARMA RISCO,RWT312PR4.jpg,http://localhost:3000/uploads/RWT312PR4.jpg
174.0,08 RU RACK PARA PARED,280.0,,Unidades,GABINETES,08_RU_RACK_PARA_PARED.jpg,http://localhost:3000/uploads/08_RU_RACK_PARA_PARED.jpg
286.90000000000003,1 BTN 2MP IP VIDO PRTR,360.0,HK-DS-KD8003-IME1,Unidades,VIDEO PORTERO,HK-DS-KD8003-IME1.jpg,http://localhost:3000/uploads/HK-DS-KD8003-IME1.jpg
1515.0,1.5KW FOXESS-MICROINVERSOR  SOLAR MONOFASICO - S1500-G2,1980.0,S1500-G2,Unidades,MICROINVERSOR,S1500-G2.jpg,http://localhost:3000/uploads/S1500-G2.jpg
0.0,100/15 MPPT BLUESOLAR CONTROLADOR,763.0,,Unidades,CONTROLADORES,100_15_MPPT_BLUESOLAR_CONTROLADOR.jpg,http://localhost:3000/uploads/100_15_MPPT_BLUESOLAR_CONTROLADOR.jpg
625.16,100/50 MPPT BLUESOLAR,980.0,100 / 50,Unidades,CONTROLADORES,100_50.jpg,http://localhost:3000/uploads/100_50.jpg
736.0,"100/50 SMART SOLAR MPPT VICTRON ENERGY - conectividad Bluetooth integrada,",1100.0,,Unidades,CONTROLADORES,100_50_SMART_SOLAR_MPPT_VICTRON_ENERGY_-_conectividad_Blueto.jpg,http://localhost:3000/uploads/100_50_SMART_SOLAR_MPPT_VICTRON_ENERGY_-_conectividad_Blueto.jpg
225.0,1000W 12V – 220V ONDA MODIFICADA SOLTRONIX.,580.0,KS1000M,Unidades,INVERSORES,KS1000M.jpg,http://localhost:3000/uploads/KS1000M.jpg
4756.900000000001,10KW - FOXESS - MICROINVERSOR MONOFASICO G-10000,5450.0,,Unidades,MICROINVERSOR,10KW_-_FOXESS_-_MICROINVERSOR_MONOFASICO_G-10000.jpg,http://localhost:3000/uploads/10KW_-_FOXESS_-_MICROINVERSOR_MONOFASICO_G-10000.jpg
5251.0,10KW FOXESS MICROINVERSOR SOLAR TRIFASICO T-1000-G3,6100.0,,Unidades,MICROINVERSOR,10KW_FOXESS_MICROINVERSOR_SOLAR_TRIFASICO_T-1000-G3.jpg,http://localhost:3000/uploads/10KW_FOXESS_MICROINVERSOR_SOLAR_TRIFASICO_T-1000-G3.jpg
15.0,10mm² CABLE DE PANEL X 1 METRO - ROJO Y NEGRO,21.72,,m,CABLES PARA PANEL SOLAR,10mm_CABLE_DE_PANEL_X_1_METRO_-_ROJO_Y_NEGRO.jpg,http://localhost:3000/uploads/10mm_CABLE_DE_PANEL_X_1_METRO_-_ROJO_Y_NEGRO.jpg
0.0,12 BTNS IP MDL PR VIDOPRTR,290.0,HK-DS-KD-KP,Unidades,VIDEO PORTERO,HK-DS-KD-KP.jpg,http://localhost:3000/uploads/HK-DS-KD-KP.jpg
0.0,12/100 Ah BATERIA DE LITIO PYLONTECH,2100.0,,Unidades,BATERIAS,12_100_Ah_BATERIA_DE_LITIO_PYLONTECH.jpg,http://localhost:3000/uploads/12_100_Ah_BATERIA_DE_LITIO_PYLONTECH.jpg
0.0,12/24V 100A SMART BATERY PROTEC,450.0,,Unidades,ALARMA RISCO,12_24V_100A_SMART_BATERY_PROTEC.jpg,http://localhost:3000/uploads/12_24V_100A_SMART_BATERY_PROTEC.jpg
83.0,12/24V 10A  PWM Light BLUESOLAR,130.0,PWM-Light 10A,Unidades,CONTROLADORES,PWM-Light_10A.jpg,http://localhost:3000/uploads/PWM-Light_10A.jpg
130.0,12/24V 10A PWM PRO BLUESOLAR,210.0,12/24V 10A,Unidades,CONTROLADORES,12_24V_10A.jpg,http://localhost:3000/uploads/12_24V_10A.jpg
137.0,12/24V 20A PWM LCD USB BLUESOLAR,250.0,PWM/20A,Unidades,CONTROLADORES,PWM_20A.jpg,http://localhost:3000/uploads/PWM_20A.jpg
111.0,12/24V 20A PWM Light BLUESOLAR,150.0,PWM-Light 20A,Unidades,CONTROLADORES,PWM-Light_20A.jpg,http://localhost:3000/uploads/PWM-Light_20A.jpg
186.0,12/24V 30A  PWM-LCD USB BLUESOLAR,282.0,PWM / 30A,Unidades,CONTROLADORES,PWM_30A.jpg,http://localhost:3000/uploads/PWM_30A.jpg
200.0,12/24V 65A SMART BATERY PROTEC,380.0,,Unidades,BATERIAS,12_24V_65A_SMART_BATERY_PROTEC.jpg,http://localhost:3000/uploads/12_24V_65A_SMART_BATERY_PROTEC.jpg
337.0,12/250 INVERSOR,500.0,12 / 250 230V,Unidades,INVERSORES,12_250_230V.jpg,http://localhost:3000/uploads/12_250_230V.jpg
500.0,12/375 INVERSOR ONDA PURA -VICTRON ENERGY,648.0,,Unidades,INVERSORES,12_375_INVERSOR_ONDA_PURA_-VICTRON_ENERGY.jpg,http://localhost:3000/uploads/12_375_INVERSOR_ONDA_PURA_-VICTRON_ENERGY.jpg
0.0,12/500 INVERSOR,680.0,,Unidades,INVERSORES,12_500_INVERSOR.jpg,http://localhost:3000/uploads/12_500_INVERSOR.jpg
1473.0,12/500 MULTIPLUS,1050.0,12 / 500 230V,Unidades,INVERSORES,12_500_230V.jpg,http://localhost:3000/uploads/12_500_230V.jpg
2083.0,12/800 MULTIPLUS,2395.0,12 / 800 230V,Unidades,INVERSORES,12_800_230V.jpg,http://localhost:3000/uploads/12_800_230V.jpg
55.0,128GB MICROSD PURPLE WD,70.0,WD-MICROSD-128GB,Unidades,HDD,WD-MICROSD-128GB.jpg,http://localhost:3000/uploads/WD-MICROSD-128GB.jpg
1100.0,12V  100AH BATERIA LITIO  FELICITY,1300.0,,Unidades,BATERIAS,12V_100AH_BATERIA_LITIO_FELICITY.jpg,http://localhost:3000/uploads/12V_100AH_BATERIA_LITIO_FELICITY.jpg
310.0,12V 1000W INVERSOR ONDA MODIFICADA -OPALUX,380.0,,Unidades,INVERSORES,12V_1000W_INVERSOR_ONDA_MODIFICADA_-OPALUX.jpg,http://localhost:3000/uploads/12V_1000W_INVERSOR_ONDA_MODIFICADA_-OPALUX.jpg
894.25,12V 100AH BATERIA LITIO,1680.0,,Unidades,BATERIAS,12V_100AH_BATERIA_LITIO.jpg,http://localhost:3000/uploads/12V_100AH_BATERIA_LITIO.jpg
796.97,12V 100AH BATERIA RITAR GEL,750.0,,Unidades,BATERIAS,12V_100AH_BATERIA_RITAR_GEL.jpg,http://localhost:3000/uploads/12V_100AH_BATERIA_RITAR_GEL.jpg
633.64,12V 100AH BTRA GEL TNST,740.0,,Unidades,BATERIAS,12V_100AH_BTRA_GEL_TNST.jpg,http://localhost:3000/uploads/12V_100AH_BTRA_GEL_TNST.jpg
882.78,12V 150AH BATERIA GEL TENSITE,1240.0,,Unidades,BATERIAS,12V_150AH_BATERIA_GEL_TENSITE.jpg,http://localhost:3000/uploads/12V_150AH_BATERIA_GEL_TENSITE.jpg
707.26,12V 150AH BTRA GEL RITAR,1050.0,,Unidades,BATERIAS,12V_150AH_BTRA_GEL_RITAR.jpg,http://localhost:3000/uploads/12V_150AH_BTRA_GEL_RITAR.jpg
760.5,12V 1800W INVERSOR HIBRIDO GOSPOWER,1249.0,GPEO1K8L1M,Unidades,INVERSORES,GPEO1K8L1M.jpg,http://localhost:3000/uploads/GPEO1K8L1M.jpg
0.0,12V 200AH  BATERIA RITAR AGM,1494.9,RT 12-200,Unidades,BATERIAS,RT_12-200.jpg,http://localhost:3000/uploads/RT_12-200.jpg
1570.0,12V 200AH BATERIA LITHIO RITAR,2500.0,,Unidades,ALARMA RISCO,12V_200AH_BATERIA_LITHIO_RITAR.jpg,http://localhost:3000/uploads/12V_200AH_BATERIA_LITHIO_RITAR.jpg
3.0,12V 200AH BTRA GEL RITAR,1400.0,,Unidades,BATERIAS,12V_200AH_BTRA_GEL_RITAR.jpg,http://localhost:3000/uploads/12V_200AH_BTRA_GEL_RITAR.jpg
118.0,12V 20AMP STECA CONTROLADOR,120.0,12V-20AMP,Unidades,CONTROLADORES,12V-20AMP.jpg,http://localhost:3000/uploads/12V-20AMP.jpg
1427.27,12V 250AH BTRA GEL TNST,1600.0,,Unidades,BATERIAS,12V_250AH_BTRA_GEL_TNST.jpg,http://localhost:3000/uploads/12V_250AH_BTRA_GEL_TNST.jpg
1527.6,12V 260AH  BATERIA RITAR AGM,2163.0,RT 12-260,Unidades,BATERIAS,RT_12-260.jpg,http://localhost:3000/uploads/RT_12-260.jpg
1558.0,12V 260AH BTRA GEL RITAR,2206.0,,Unidades,BATERIAS,12V_260AH_BTRA_GEL_RITAR.jpg,http://localhost:3000/uploads/12V_260AH_BTRA_GEL_RITAR.jpg
193.8,12V 26AH BATERIA AGM  RITAR,274.0,RT 12-26,Unidades,BATERIAS,RT_12-26.jpg,http://localhost:3000/uploads/RT_12-26.jpg
1910.0,12V 300AH BATERIA LITHIO 300A RITAR,2700.0,,Unidades,BATERIAS,12V_300AH_BATERIA_LITHIO_300A_RITAR.jpg,http://localhost:3000/uploads/12V_300AH_BATERIA_LITHIO_300A_RITAR.jpg
0.0,12V 300AH BTRA GEL TNST,2950.0,,Unidades,BATERIAS,12V_300AH_BTRA_GEL_TNST.jpg,http://localhost:3000/uploads/12V_300AH_BTRA_GEL_TNST.jpg
140.0,12V 500W INVERSOR ONDA MODIFICADA OPALUX,170.0,,Unidades,INVERSORES,12V_500W_INVERSOR_ONDA_MODIFICADA_OPALUX.jpg,http://localhost:3000/uploads/12V_500W_INVERSOR_ONDA_MODIFICADA_OPALUX.jpg
372.4,12V 65AH   BATERIA AGM RITAR,560.0,RT 12-650,Unidades,BATERIAS,RT_12-650.jpg,http://localhost:3000/uploads/RT_12-650.jpg
0.0,12V 7A  BATERIA,70.0,,Unidades,INCENDIO,12V_7A_BATERIA.jpg,http://localhost:3000/uploads/12V_7A_BATERIA.jpg
48.0,12V 7AH BATERIA AGM  RITAR,65.0,RT 12-7,Unidades,BATERIAS,RT_12-7.jpg,http://localhost:3000/uploads/RT_12-7.jpg
0.0,12V-100AH BATERIA DE LITHIO RITAR,1300.0,(1080W - 1KW/,Unidades,BATERIAS,_1080W_-_1KW_.jpg,http://localhost:3000/uploads/_1080W_-_1KW_.jpg
642.0,12V-100AH BATERIA GEL IWIN,650.0,12V-100AH,Unidades,BATERIAS,12V-100AH.jpg,http://localhost:3000/uploads/12V-100AH.jpg
902.0,12V-150AH RITAR AGM,1130.0,RA12-150 AGM,Unidades,BATERIAS,RA12-150_AGM.jpg,http://localhost:3000/uploads/RA12-150_AGM.jpg
340.0,12V-40AH  BATERIA AGM RITAR,380.0,RA12-40,Unidades,BATERIAS,RA12-40.jpg,http://localhost:3000/uploads/RA12-40.jpg
1285.5,12V/1200 VA INVERSOR VICTRON PHOENIX,2056.0,,Unidades,INVERSORES,12V_1200_VA_INVERSOR_VICTRON_PHOENIX.jpg,http://localhost:3000/uploads/12V_1200_VA_INVERSOR_VICTRON_PHOENIX.jpg
0.0,150/100 TR SMART SOLAR VICTRON ENERGY,2200.0,,Unidades,CONTROLADORES,150_100_TR_SMART_SOLAR_VICTRON_ENERGY.jpg,http://localhost:3000/uploads/150_100_TR_SMART_SOLAR_VICTRON_ENERGY.jpg
1784.0,150/100-Tr  MPPT BLUESOLAR,2700.0,MPPT 150/100,Unidades,CONTROLADORES,MPPT_150_100.jpg,http://localhost:3000/uploads/MPPT_150_100.jpg
0.0,150/45 MPPT BLUSOLAR,1300.0,,Unidades,ALARMA RISCO,150_45_MPPT_BLUSOLAR.jpg,http://localhost:3000/uploads/150_45_MPPT_BLUSOLAR.jpg
1173.0,150/70- TR  MPPT SMART SOLAR  VICTRON ENERGY,1650.0,(TIENDA SOLAR SIN STOCK),Unidades,CONTROLADORES,_TIENDA_SOLAR_SIN_STOCK_.jpg,http://localhost:3000/uploads/_TIENDA_SOLAR_SIN_STOCK_.jpg
0.0,150/70-Tr MPPT BLUESOLAR,1800.0,E. INNOVADORA,Unidades,CONTROLADORES,E._INNOVADORA.jpg,http://localhost:3000/uploads/E._INNOVADORA.jpg
3615.0,150/85-Tr  MPPT SMARTSOLAR,2399.0,TIENDA SOLAR SIN SOTCK,Unidades,CONTROLADORES,TIENDA_SOLAR_SIN_SOTCK.jpg,http://localhost:3000/uploads/TIENDA_SOLAR_SIN_SOTCK.jpg
0.0,"185W PANEL SOLAR INTIPOWER 18,90V 9,78A",360.0,,Unidades,PANELES,185W_PANEL_SOLAR_INTIPOWER_18_90V_9_78A.jpg,http://localhost:3000/uploads/185W_PANEL_SOLAR_INTIPOWER_18_90V_9_78A.jpg
0.0,1KW INVERSOR RED GROWATT,1050.0,,Unidades,INVERSORES DE RED,1KW_INVERSOR_RED_GROWATT.jpg,http://localhost:3000/uploads/1KW_INVERSOR_RED_GROWATT.jpg
432.01,2 BTNS IP VIDO PRTR,510.0,HK-DS-KV8213-WME1,Unidades,VIDEO PORTERO,HK-DS-KV8213-WME1.jpg,http://localhost:3000/uploads/HK-DS-KV8213-WME1.jpg
615.0,2 X 16 GENESIS CABLE INCENDIO  FPLR  300M  CERTIFICACION UL,780.0,GENFPLR2X16,Unidades,INCENDIO,GENFPLR2X16.jpg,http://localhost:3000/uploads/GENFPLR2X16.jpg
620.0,2 X 18 GENESIS CABLE INCENDIO FPLR 300M CERTIFICACION UL,720.0,GENFPLR2X18,Unidades,INCENDIO,GENFPLR2X18.jpg,http://localhost:3000/uploads/GENFPLR2X18.jpg
0.0,200W PANEL NVS  MONOCRISTALINO PLEGABLE,580.0,,Unidades,PANELES,200W_PANEL_NVS_MONOCRISTALINO_PLEGABLE.jpg,http://localhost:3000/uploads/200W_PANEL_NVS_MONOCRISTALINO_PLEGABLE.jpg
1353.0,24/1200 INVERSOR,1700.0,24 / 1200 230V,Unidades,INVERSORES,24_1200_230V.jpg,http://localhost:3000/uploads/24_1200_230V.jpg
2893.0,24/1200 MULTIPLUS,3327.0,24 / 1200 230V,Unidades,INVERSORES,24_1200_230V_2.jpg,http://localhost:3000/uploads/24_1200_230V_2.jpg
4214.0,24/1600VA INVERSOR DE RED,4846.0,24 / 1600,Unidades,INVERSORES DE RED,24_1600.jpg,http://localhost:3000/uploads/24_1600.jpg
4044.0,24/3000 II .MULTIPLUSS -II 24/3000/70-32 230V VCITRON ENERGY,4800.0,,Unidades,INVERSORES DE RED,24_3000_II_.MULTIPLUSS_-II_24_3000_70-32_230V_VCITRON_ENERGY.jpg,http://localhost:3000/uploads/24_3000_II_.MULTIPLUSS_-II_24_3000_70-32_230V_VCITRON_ENERGY.jpg
5047.0,24/3000 MULTIPLUS,5804.0,24 / 3000 230V,Unidades,INVERSORES HIBRIDOS,24_3000_230V.jpg,http://localhost:3000/uploads/24_3000_230V.jpg
12476.0,24/5000VA MULTIPLUS,14347.0,24 / 5000,Unidades,INVERSORES HIBRIDOS,24_5000.jpg,http://localhost:3000/uploads/24_5000.jpg
0.0,24/800 INVERSOR PHOENIX ONDS SENOIDAL,1350.0,,Unidades,INVERSORES,24_800_INVERSOR_PHOENIX_ONDS_SENOIDAL.jpg,http://localhost:3000/uploads/24_800_INVERSOR_PHOENIX_ONDS_SENOIDAL.jpg
0.0,24/800 MULTIPLUS,2500.0,,Unidades,INVERSORES,24_800_MULTIPLUS.jpg,http://localhost:3000/uploads/24_800_MULTIPLUS.jpg
2187.0,24/800 MULTIPLUS,2515.0,24 / 800,Unidades,INVERSORES,24_800.jpg,http://localhost:3000/uploads/24_800.jpg
1752.0,24V 100AH BATERIA LITTIO RITAR,2885.0,,Unidades,BATERIAS,24V_100AH_BATERIA_LITTIO_RITAR.jpg,http://localhost:3000/uploads/24V_100AH_BATERIA_LITTIO_RITAR.jpg
2882.27,24V 200AH 5.12KWH BATERIA DE LITIO LiFePO4 CLASE A GOSPOWER,4000.0,GPLB-24200M,Unidades,BATERIAS,GPLB-24200M.jpg,http://localhost:3000/uploads/GPLB-24200M.jpg
1035.0,24V 4000VA/4000W INVERSOR GOSPOWER,1850.0,GPEO4KL1,Unidades,INVERSORES HIBRIDOS,GPEO4KL1.jpg,http://localhost:3000/uploads/GPEO4KL1.jpg
0.0,24V/100AH BATERIA DE LITHIO GOSPOW,2500.0,,Unidades,BATERIAS,24V_100AH_BATERIA_DE_LITHIO_GOSPOW.jpg,http://localhost:3000/uploads/24V_100AH_BATERIA_DE_LITHIO_GOSPOW.jpg
550.0,24V/375V  INVERSOR VICTRON PHOENIX,664.0,,Unidades,INVERSORES,24V_375V_INVERSOR_VICTRON_PHOENIX.jpg,http://localhost:3000/uploads/24V_375V_INVERSOR_VICTRON_PHOENIX.jpg
1829.78,250/100-TR MPPT SMARTSOLAR,2927.64,,Unidades,CONTROLADORES,250_100-TR_MPPT_SMARTSOLAR.jpg,http://localhost:3000/uploads/250_100-TR_MPPT_SMARTSOLAR.jpg
2840.0,250/70-Tr  MPPT SMARTSOLAR,3800.0,MPPT 250/70,Unidades,CONTROLADORES,MPPT_250_70.jpg,http://localhost:3000/uploads/MPPT_250_70.jpg
128.0,256GB MICROSD - PURPLE WD,150.0,WD-MICROSD-256GB,Unidades,HDD,WD-MICROSD-256GB.jpg,http://localhost:3000/uploads/WD-MICROSD-256GB.jpg
35.0,25A/230VA INTERRUPTOR  TERMOMAGNETICO SCHNEIDER,49.0,,Unidades,CABLES PARA PANEL SOLAR,25A_230VA_INTERRUPTOR_TERMOMAGNETICO_SCHNEIDER.jpg,http://localhost:3000/uploads/25A_230VA_INTERRUPTOR_TERMOMAGNETICO_SCHNEIDER.jpg
0.0,270W - 12/ 24V PANEL SOLAR OSDA,420.0,,Unidades,PANELES,270W_-_12_24V_PANEL_SOLAR_OSDA.jpg,http://localhost:3000/uploads/270W_-_12_24V_PANEL_SOLAR_OSDA.jpg
1598.7,2KW MICROINVERSOR MONOFASICO GOODWE,2900.0,GW2000-XS-30,Unidades,INVERSORES HIBRIDOS,GW2000-XS-30.jpg,http://localhost:3000/uploads/GW2000-XS-30.jpg
68.4,2MP CAMARA INTERIOR,95.0,,Unidades,CAMARAS IP/ANALOGAS DAHUA,2MP_CAMARA_INTERIOR.jpg,http://localhost:3000/uploads/2MP_CAMARA_INTERIOR.jpg
145.0,2MP CAMARA IP DAHUA,232.0,,Unidades,CAMARAS IP/ANALOGAS DAHUA,2MP_CAMARA_IP_DAHUA.jpg,http://localhost:3000/uploads/2MP_CAMARA_IP_DAHUA.jpg
86.8,2MP CAMARA TUBO EXTERIOR ANALOGICA DAHUA,110.0,,Unidades,CAMARAS IP/ANALOGAS DAHUA,2MP_CAMARA_TUBO_EXTERIOR_ANALOGICA_DAHUA.jpg,http://localhost:3000/uploads/2MP_CAMARA_TUBO_EXTERIOR_ANALOGICA_DAHUA.jpg
98.5,2MP WIFI HIK CAMARA CUBO 2MP C/LENTE 2.8MM INTERIOR * PEDIDO 2 DIAS,150.0,,Unidades,CAM INALAMBRICAS,2MP_WIFI_HIK_CAMARA_CUBO_2MP_C_LENTE_2.8MM_INTERIOR_PEDIDO_2.jpg,http://localhost:3000/uploads/2MP_WIFI_HIK_CAMARA_CUBO_2MP_C_LENTE_2.8MM_INTERIOR_PEDIDO_2.jpg
1280.0,2X14 GENESIS CABLE INCENDIO FPLR SOLIDO 300M - CERTIFICADO UL,1650.0,,Unidades,INCENDIO,2X14_GENESIS_CABLE_INCENDIO_FPLR_SOLIDO_300M_-_CERTIFICADO_U.jpg,http://localhost:3000/uploads/2X14_GENESIS_CABLE_INCENDIO_FPLR_SOLIDO_300M_-_CERTIFICADO_U.jpg
88.0,300W 12 / 220V ONDA MODIFICADA SOLTRONIX,180.0,BS300M,Unidades,INVERSORES,BS300M.jpg,http://localhost:3000/uploads/BS300M.jpg
1200.0,3200W 24V MPPT MUST SOLAR,1850.0,3200W 24V MPPT 60A,Unidades,INVERSORES HIBRIDOS,3200W_24V_MPPT_60A.jpg,http://localhost:3000/uploads/3200W_24V_MPPT_60A.jpg
0.0,35mm² X 1M CABLE DE BATERIA,36.0,,Unidades,CABLES,35mm_X_1M_CABLE_DE_BATERIA.jpg,http://localhost:3000/uploads/35mm_X_1M_CABLE_DE_BATERIA.jpg
0.0,35mm² X 1M CABLE DE BATERIA (ROJO),36.0,,Unidades,CABLES,35mm_X_1M_CABLE_DE_BATERIA_ROJO_.jpg,http://localhost:3000/uploads/35mm_X_1M_CABLE_DE_BATERIA_ROJO_.jpg
2159.4,3KW - FOXESS - MICROINVRSOR SOLAR MONOFASICO F-3000-G2,2500.0,,Unidades,MICROINVERSOR,3KW_-_FOXESS_-_MICROINVRSOR_SOLAR_MONOFASICO_F-3000-G2.jpg,http://localhost:3000/uploads/3KW_-_FOXESS_-_MICROINVRSOR_SOLAR_MONOFASICO_F-3000-G2.jpg
1860.0,3KW INVERSOR RED GROWATT,2450.0,,Unidades,INVERSORES DE RED,3KW_INVERSOR_RED_GROWATT.jpg,http://localhost:3000/uploads/3KW_INVERSOR_RED_GROWATT.jpg
239.0,4 BTNS CNTRL DE PRTRA INTGRD,334.0,CA080022,Unidades,INTERCOMUNICADORES,CA080022.jpg,http://localhost:3000/uploads/CA080022.jpg
452.18,4 BTNS IP VIDO PRTR,550.0,HK-DS-KV8413-WME1,Unidades,VIDEO PORTERO,HK-DS-KV8413-WME1.jpg,http://localhost:3000/uploads/HK-DS-KV8413-WME1.jpg
300.0,4 X 22 GENESIS CABLE INCENDIO  FPLR  300M CERTIFICACION UL,430.0,GENFPLR4X22,Unidades,INCENDIO,GENFPLR4X22.jpg,http://localhost:3000/uploads/GENFPLR4X22.jpg
1137.26,42U GAB MET DE PISO C/PUERTA  2000X600X1000,1878.0,ST-AEL-TV-42U-1000,Unidades,NETWORKING,ST-AEL-TV-42U-1000.jpg,http://localhost:3000/uploads/ST-AEL-TV-42U-1000.jpg
4845.0,450/100-Tr MPPT RS SMARTSOLAR,6299.0,MPPT 450/100,Unidades,CONTROLADORES,MPPT_450_100.jpg,http://localhost:3000/uploads/MPPT_450_100.jpg
377.6,460W 24V PANEL SOLAR MONOFACIAL AE SOLAR 35.60V 12.92A,600.0,AE460MD-120,Unidades,PANELES,AE460MD-120.jpg,http://localhost:3000/uploads/AE460MD-120.jpg
0.0,48/10000 MULTIPLUS II - VICTRON ENERGY,11400.0,,Unidades,INVERSORES DE RED,48_10000_MULTIPLUS_II_-_VICTRON_ENERGY.jpg,http://localhost:3000/uploads/48_10000_MULTIPLUS_II_-_VICTRON_ENERGY.jpg
1040.0,48/1200 INVERSOR,1600.0,48/1200 230V,Unidades,INVERSORES,48_1200_230V.jpg,http://localhost:3000/uploads/48_1200_230V.jpg
2892.0,48/1200 MULTIPLUS,3326.0,48 / 1200 230V,Unidades,INVERSORES,48_1200_230V_2.jpg,http://localhost:3000/uploads/48_1200_230V_2.jpg
0.0,48/15000 MULTIPLUS II - VICTRON ENERGY,10000.0,,Unidades,INVERSORES DE RED,48_15000_MULTIPLUS_II_-_VICTRON_ENERGY.jpg,http://localhost:3000/uploads/48_15000_MULTIPLUS_II_-_VICTRON_ENERGY.jpg
4214.0,48/1600 INVERSOR DE RED,4846.0,48 / 1600 230V,Unidades,INVERSORES DE RED,48_1600_230V.jpg,http://localhost:3000/uploads/48_1600_230V.jpg
2360.0,48/3000 II MULTIPLUSS  VICTRONENERGY  48/3000/35-32 230V,3500.0,,Unidades,INVERSORES HIBRIDOS,48_3000_II_MULTIPLUSS_VICTRONENERGY_48_3000_35-32_230V.jpg,http://localhost:3000/uploads/48_3000_II_MULTIPLUSS_VICTRONENERGY_48_3000_35-32_230V.jpg
4193.0,48/3000 MULTIPLUS,4822.0,48 / 3000 230V,Unidades,INVERSORES HIBRIDOS,48_3000_230V.jpg,http://localhost:3000/uploads/48_3000_230V.jpg
488.0,48/375 INVERSOR,684.0,48 / 375 230V,Unidades,INVERSORES,48_375_230V.jpg,http://localhost:3000/uploads/48_375_230V.jpg
2500.0,48/50 BATERIA DE LITIO ZTT,3500.0,,Unidades,BATERIAS,48_50_BATERIA_DE_LITIO_ZTT.jpg,http://localhost:3000/uploads/48_50_BATERIA_DE_LITIO_ZTT.jpg
620.0,48/500 INVERSOR,860.0,48/500 230V,Unidades,INVERSORES,48_500_230V.jpg,http://localhost:3000/uploads/48_500_230V.jpg
3260.0,48/5000  MULTIPLUS II /70-50 230V,4500.0,48 / 5000 230V,Unidades,INVERSORES HIBRIDOS,48_5000_230V.jpg,http://localhost:3000/uploads/48_5000_230V.jpg
4500.0,48/6500w,5500.0,,Unidades,INVERSORES HIBRIDOS,48_6500w.jpg,http://localhost:3000/uploads/48_6500w.jpg
0.0,48V  150AH BATERIA LITIO LIFE POE FELICITY,6000.0,ESM-48150B1,Unidades,BATERIAS,ESM-48150B1.jpg,http://localhost:3000/uploads/ESM-48150B1.jpg
3445.6,48V 100AH 5.12KWH BATERIA DE LITIO LiFePO4 CLASE A GOSPOWER,4270.0,GPLB-48100M,Unidades,BATERIAS,GPLB-48100M.jpg,http://localhost:3000/uploads/GPLB-48100M.jpg
0.0,48V 100AH BATERIA LITTIO HUAWEI,5000.0,ESM-48150B1,Unidades,BATERIAS,ESM-48150B1_2.jpg,http://localhost:3000/uploads/ESM-48150B1_2.jpg
3100.0,48V 12000W  INVERSOR HIBRIDO GOSPOWER,5060.0,GPEO12KL1,Unidades,INVERSORES HIBRIDOS,GPEO12KL1.jpg,http://localhost:3000/uploads/GPEO12KL1.jpg
4760.0,48V 2000VA INVERSOR DE RED,5474.0,48 / 2000,Unidades,INVERSORES DE RED,48_2000.jpg,http://localhost:3000/uploads/48_2000.jpg
5904.900000000001,48V 200AH BATERIA DE LITIO 10.24KWH GOSPOWER,6400.0,GPLB-48200W,Unidades,BATERIAS,GPLB-48200W.jpg,http://localhost:3000/uploads/GPLB-48200W.jpg
108.0,48V 20A PWN REGULADOR,200.0,48V-20A,Unidades,CONTROLADORES,48V-20A.jpg,http://localhost:3000/uploads/48V-20A.jpg
2803.0,48V 3000 MULTIPLUS-II,3364.0,48 / 3000 230V,Unidades,INVERSORES DE RED,48_3000_230V_2.jpg,http://localhost:3000/uploads/48_3000_230V_2.jpg
5687.62,48V 300AH BATERIA DE LITIO 15.36KWH GOSPOWER,7250.0,GPLB-48300W,Unidades,BATERIAS,GPLB-48300W.jpg,http://localhost:3000/uploads/GPLB-48300W.jpg
4013.0,48V 5000 MULTIPLUS-II,4816.0,48 / 5000 230V,Unidades,INVERSORES DE RED,48_5000_230V_2.jpg,http://localhost:3000/uploads/48_5000_230V_2.jpg
1305.0,48V 6000VA / 6000W INVERSOR GOSPOWER,2110.0,GPEO6KL1,Unidades,INVERSORES HIBRIDOS,GPEO6KL1.jpg,http://localhost:3000/uploads/GPEO6KL1.jpg
8142.0,48V-100Ah BATRA LITIO US5000 PYLNTCH,10585.0,48V-100Ah 4.8kWh,Unidades,BATERIAS,48V-100Ah_4.8kWh.jpg,http://localhost:3000/uploads/48V-100Ah_4.8kWh.jpg
1147.0,48V-50Ah BTRA LITIO US2000C PYLNTCH,5847.0,48V-50Ah  2.4kWh,Unidades,BATERIAS,48V-50Ah_2.4kWh.jpg,http://localhost:3000/uploads/48V-50Ah_2.4kWh.jpg
6241.0,48V-74Ah  BTRA LITIO US3000C PYLNTCH,8113.0,48V-74Ah 3.5kWh,Unidades,BATERIAS,48V-74Ah_3.5kWh.jpg,http://localhost:3000/uploads/48V-74Ah_3.5kWh.jpg
13716.0,48_10000 Quattro,19202.0,10000VA 48V,Unidades,INVERSORES DE RED,10000VA_48V.jpg,http://localhost:3000/uploads/10000VA_48V.jpg
0.0,4KW IVS HIBRIDO TST,4924.32,AH4M-2,Unidades,INVERSORES HIBRIDOS,AH4M-2.jpg,http://localhost:3000/uploads/AH4M-2.jpg
173.0,4MP CAMARA IP DAHUA,279.0,,Unidades,CAMARAS IP/ANALOGAS DAHUA,4MP_CAMARA_IP_DAHUA.jpg,http://localhost:3000/uploads/4MP_CAMARA_IP_DAHUA.jpg
523.44,4TB DISCO DURO PURPLE WD,620.0,SE-HDD4TB,Unidades,HDD,SE-HDD4TB.jpg,http://localhost:3000/uploads/SE-HDD4TB.jpg
690.0,4X 18 GENESIS CABLE INCENDIO  FPLR  300M CERTIFICACION UL,860.0,,Unidades,INCENDIO,4X_18_GENESIS_CABLE_INCENDIO_FPLR_300M_CERTIFICACION_UL.jpg,http://localhost:3000/uploads/4X_18_GENESIS_CABLE_INCENDIO_FPLR_300M_CERTIFICACION_UL.jpg
6.640000000000001,4mm² CABLE DE PANEL X 1 METRO - NEGRO Y ROJO,11.0,,Unidades,CABLES PARA PANEL SOLAR,4mm_CABLE_DE_PANEL_X_1_METRO_-_NEGRO_Y_ROJO.jpg,http://localhost:3000/uploads/4mm_CABLE_DE_PANEL_X_1_METRO_-_NEGRO_Y_ROJO.jpg
0.0,50 mm²x 1M CABLE DE BATERIA (ROJO),60.0,,m,CABLES,50_mm_x_1M_CABLE_DE_BATERIA_ROJO_.jpg,http://localhost:3000/uploads/50_mm_x_1M_CABLE_DE_BATERIA_ROJO_.jpg
0.0,50mm² x 1M CABLE DE BATERIA (NEGRO),60.0,,Unidades,CABLES,50mm_x_1M_CABLE_DE_BATERIA_NEGRO_.jpg,http://localhost:3000/uploads/50mm_x_1M_CABLE_DE_BATERIA_NEGRO_.jpg
436.6,550W 24V PANEL SOLAR MONOCRISTALINO AE SOLAR 42.57V 12.92A,650.0,AE550MD-144,Unidades,PANELES,AE550MD-144.jpg,http://localhost:3000/uploads/AE550MD-144.jpg
408.28,585W 24V PANEL SOLAR BIFACIAL ECO GREEN 44.78V 13.11A,650.0,EGE585W144N,Unidades,PANELES,EGE585W144N.jpg,http://localhost:3000/uploads/EGE585W144N.jpg
3284.35,5K INVERSOR DE RED GROWATT,4598.0,5000TL-X,Unidades,INVERSORES DE RED,5000TL-X.jpg,http://localhost:3000/uploads/5000TL-X.jpg
2419.0,5KW - FOXESS - MICROINVERSOR SOLAR MONOFASICO F-5000,2750.0,,Unidades,MICROINVERSOR,5KW_-_FOXESS_-_MICROINVERSOR_SOLAR_MONOFASICO_F-5000.jpg,http://localhost:3000/uploads/5KW_-_FOXESS_-_MICROINVERSOR_SOLAR_MONOFASICO_F-5000.jpg
0.0,5KW - FOXESS - MICROINVERSOR SOLAR MONOFASICOS - F-5000,1.0,,Unidades,ALARMA RISCO,5KW_-_FOXESS_-_MICROINVERSOR_SOLAR_MONOFASICOS_-_F-5000.jpg,http://localhost:3000/uploads/5KW_-_FOXESS_-_MICROINVERSOR_SOLAR_MONOFASICOS_-_F-5000.jpg
3318.8,5KW FOXESS MICROINVERSOR SOLAR TRIFASICO - 5000-G3,3950.0,,Unidades,MICROINVERSOR,5KW_FOXESS_MICROINVERSOR_SOLAR_TRIFASICO_-_5000-G3.jpg,http://localhost:3000/uploads/5KW_FOXESS_MICROINVERSOR_SOLAR_TRIFASICO_-_5000-G3.jpg
0.0,5KW IVS HIBRIDO TST,5028.74,AH5M-2,Unidades,INVERSORES HIBRIDOS,AH5M-2.jpg,http://localhost:3000/uploads/AH5M-2.jpg
2211.42,5KW MONOFASICO GOODWE,3700.0,,Unidades,INVERSORES HIBRIDOS,5KW_MONOFASICO_GOODWE.jpg,http://localhost:3000/uploads/5KW_MONOFASICO_GOODWE.jpg
2900.0,6000W 48V MPPT MUSTSOLAR,2900.0,6000W 48V MPPT 60A,Unidades,INVERSORES HIBRIDOS,6000W_48V_MPPT_60A.jpg,http://localhost:3000/uploads/6000W_48V_MPPT_60A.jpg
131.0,600W 12 / 220V ONDA MODIFICADA SOLTRONIX,280.0,BS600M,Unidades,INVERSORES,BS600M.jpg,http://localhost:3000/uploads/BS600M.jpg
431.88,615W PANEL SOLAR BIFACIAL OSDA 39.77V 15.34A,700.0,,Unidades,PANELES,615W_PANEL_SOLAR_BIFACIAL_OSDA_39.77V_15.34A.jpg,http://localhost:3000/uploads/615W_PANEL_SOLAR_BIFACIAL_OSDA_39.77V_15.34A.jpg
750.0,615W PANEL SOLAR MONOFACIAL TRINA SOLAR 41.18V 14.69A,700.0,,Unidades,PANELES,615W_PANEL_SOLAR_MONOFACIAL_TRINA_SOLAR_41.18V_14.69A.jpg,http://localhost:3000/uploads/615W_PANEL_SOLAR_MONOFACIAL_TRINA_SOLAR_41.18V_14.69A.jpg
0.0,620W PANEL SOLAR BIFACIAL,650.0,,Unidades,PANELES,620W_PANEL_SOLAR_BIFACIAL.jpg,http://localhost:3000/uploads/620W_PANEL_SOLAR_BIFACIAL.jpg
450.0,650W PANEL SOLAR BIFACIAL,650.0,,Unidades,PANELES,650W_PANEL_SOLAR_BIFACIAL.jpg,http://localhost:3000/uploads/650W_PANEL_SOLAR_BIFACIAL.jpg
0.0,6KW IVS HIBRIDO TST,5269.41,AH6M-2,Unidades,INVERSORES HIBRIDOS,AH6M-2.jpg,http://localhost:3000/uploads/AH6M-2.jpg
769.88,6TB DISCO DURO PURPLE WD,1077.0,SE-HDD6TB,Unidades,HDD,SE-HDD6TB.jpg,http://localhost:3000/uploads/SE-HDD6TB.jpg
12.0,6mm² CABLE DE PANEL X 1 METRO - ROJO Y NEGRO,16.66,,m,CABLES PARA PANEL SOLAR,6mm_CABLE_DE_PANEL_X_1_METRO_-_ROJO_Y_NEGRO.jpg,http://localhost:3000/uploads/6mm_CABLE_DE_PANEL_X_1_METRO_-_ROJO_Y_NEGRO.jpg
3288.96,7KW MONOFASICO GOODWE,4300.0,GW7000-MS-30,Unidades,INVERSORES HIBRIDOS,GW7000-MS-30.jpg,http://localhost:3000/uploads/GW7000-MS-30.jpg
283.0,8 BTNS CNTRL DE PRTRA INTGRD,396.0,4500031,Unidades,INTERCOMUNICADORES,4500031.jpg,http://localhost:3000/uploads/4500031.jpg
900.0,8TB DISCO DURO PURPLE WD,1100.0,SE-HDD8TB,Unidades,HDD,SE-HDD8TB.jpg,http://localhost:3000/uploads/SE-HDD8TB.jpg
0.0,ABRAZADERA EXTERIOR,3.0,,Unidades,CABLES PARA PANEL SOLAR,ABRAZADERA_EXTERIOR.jpg,http://localhost:3000/uploads/ABRAZADERA_EXTERIOR.jpg
0.0,ABRAZADERA INTERMEDIA FALCAT,4.0,,Unidades,CABLES PARA PANEL SOLAR,ABRAZADERA_INTERMEDIA_FALCAT.jpg,http://localhost:3000/uploads/ABRAZADERA_INTERMEDIA_FALCAT.jpg
0.0,ALMACEMIENTO BATERIA T/ BESS,1.0,,Unidades,BATERIAS,ALMACEMIENTO_BATERIA_T_BESS.jpg,http://localhost:3000/uploads/ALMACEMIENTO_BATERIA_T_BESS.jpg
0.0,ANCLAJE DE ESTRUCRUTA PARA PANELES + SERVICIO DE INSTALACIÓN,200.0,,Unidades,REVISAR - NO SE PUEDE IDENTIFICAR SI ES SERVICIO,ANCLAJE_DE_ESTRUCRUTA_PARA_PANELES_SERVICIO_DE_INSTALACI_N.jpg,http://localhost:3000/uploads/ANCLAJE_DE_ESTRUCRUTA_PARA_PANELES_SERVICIO_DE_INSTALACI_N.jpg
0.0,ANTENAS NBE-M5-16,180.0,NBE-M5-16,Unidades,NETWORKING,NBE-M5-16.jpg,http://localhost:3000/uploads/NBE-M5-16.jpg
0.0,ARMADO DE TABLERO  FOTOVOLTAICO - GABINETE (INCLUYE MATERIALES),400.0,,Unidades,REVISAR - NO SE PUEDE IDENTIFICAR SI ES SERVICIO,ARMADO_DE_TABLERO_FOTOVOLTAICO_-_GABINETE_INCLUYE_MATERIALES.jpg,http://localhost:3000/uploads/ARMADO_DE_TABLERO_FOTOVOLTAICO_-_GABINETE_INCLUYE_MATERIALES.jpg
0.0,"ARMADO DE TABLERO COMPLETO VICTRON (llaves termicas, accesorios, materiales)",350.0,,Unidades,REVISAR - NO SE PUEDE IDENTIFICAR SI ES SERVICIO,ARMADO_DE_TABLERO_COMPLETO_VICTRON_llaves_termicas_accesorio.jpg,http://localhost:3000/uploads/ARMADO_DE_TABLERO_COMPLETO_VICTRON_llaves_termicas_accesorio.jpg
0.0,"AUTOTRANSFORMADOR TRIFASICO , POTENCIA 20 KVA ENTRADA DE VOLTAJE 380V/380V -60 HZ",6750.0,,Unidades,TRANSFORMADOR,AUTOTRANSFORMADOR_TRIFASICO_POTENCIA_20_KVA_ENTRADA_DE_VOLTA.jpg,http://localhost:3000/uploads/AUTOTRANSFORMADOR_TRIFASICO_POTENCIA_20_KVA_ENTRADA_DE_VOLTA.jpg
12000.0,"AUTOTRANSFORMADOR TRIFASICO 75KVA 440/460-380 VAC , CAJA METALICA REFRI AIRE",12500.0,,Unidades,ALARMA RISCO,AUTOTRANSFORMADOR_TRIFASICO_75KVA_440_460-380_VAC_CAJA_METAL.jpg,http://localhost:3000/uploads/AUTOTRANSFORMADOR_TRIFASICO_75KVA_440_460-380_VAC_CAJA_METAL.jpg
490.0,"AX HOME KIT ALARMA 4G 16 ZONAS. INC: PANEL, PIR, MAGN Y PULSADOR HK-DS-PA201PS-KIT-16WB",690.0,HK-DS-PA201PS-KIT-16WB,Unidades,ALARMA,HK-DS-PA201PS-KIT-16WB.jpg,http://localhost:3000/uploads/HK-DS-PA201PS-KIT-16WB.jpg
74.81,AX PRO MODULO DE RELEE,98.0,HK-DS-PM1-O1L-WB,Unidades,ALARMA,HK-DS-PM1-O1L-WB.jpg,http://localhost:3000/uploads/HK-DS-PM1-O1L-WB.jpg
250.0,AX PRO PIR INALAMBRICO CON CAMARA-HK-DS-PDPC12P-EG2-WB,320.0,HK-DS-PDPC12P-EG2-WB,Unidades,ALARMA,HK-DS-PDPC12P-EG2-WB.jpg,http://localhost:3000/uploads/HK-DS-PDPC12P-EG2-WB.jpg
0.0,Acrel DTSD1352-C Medidor de energía multifunción trifásico,1000.0,,Unidades,MICROINVERSOR,Acrel_DTSD1352-C_Medidor_de_energ_a_multifunci_n_trif_sico.jpg,http://localhost:3000/uploads/Acrel_DTSD1352-C_Medidor_de_energ_a_multifunci_n_trif_sico.jpg
0.0,BALUM PARA CAMARA,13.0,HK-DS-1H18S/E,Unidades,MATERIALES PARA INSTALACION,HK-DS-1H18S_E.jpg,http://localhost:3000/uploads/HK-DS-1H18S_E.jpg
18.0,BALUM RJ45 POE  A BNC Y ALIMENTACION,30.0,,Unidades,CAMARAS ANALOGAS,BALUM_RJ45_POE_A_BNC_Y_ALIMENTACION.jpg,http://localhost:3000/uploads/BALUM_RJ45_POE_A_BNC_Y_ALIMENTACION.jpg
75.0,BANDEJA DE 1 RU,95.0,,Unidades,NETWORKING,BANDEJA_DE_1_RU.jpg,http://localhost:3000/uploads/BANDEJA_DE_1_RU.jpg
1650.0,BARRERA PEATONAL BIDIREC|ACERO INOX SUS304|25 PERS X MIN HK-DS-K3G200LX-R/DM55,2500.0,,Unidades,ACC Y ASIST.,BARRERA_PEATONAL_BIDIREC_ACERO_INOX_SUS304_25_PERS_X_MIN_HK-.jpg,http://localhost:3000/uploads/BARRERA_PEATONAL_BIDIREC_ACERO_INOX_SUS304_25_PERS_X_MIN_HK-.jpg
9.5,BASE DE SONSOR DE HUMO INIM 2 HILOS,15.0,EB0010,Unidades,INCENDIO,EB0010.jpg,http://localhost:3000/uploads/EB0010.jpg
14600.0,BAT 48V/500AH LITHIUM BYD 25KWH (51.2V),16000.0,,Unidades,BATERIAS,BAT_48V_500AH_LITHIUM_BYD_25KWH_51.2V_.jpg,http://localhost:3000/uploads/BAT_48V_500AH_LITHIUM_BYD_25KWH_51.2V_.jpg
3080.0,BAT LITIO 48V 100A RITAR,4870.0,,Unidades,BATERIAS,BAT_LITIO_48V_100A_RITAR.jpg,http://localhost:3000/uploads/BAT_LITIO_48V_100A_RITAR.jpg
2200.0,BATERIA  LITIO 12V 200A,2600.0,,Unidades,BATERIAS,BATERIA_LITIO_12V_200A.jpg,http://localhost:3000/uploads/BATERIA_LITIO_12V_200A.jpg
490.0,BATERIA 12V 100AH  AGM SUNSHINE,700.0,,Unidades,BATERIAS,BATERIA_12V_100AH_AGM_SUNSHINE.jpg,http://localhost:3000/uploads/BATERIA_12V_100AH_AGM_SUNSHINE.jpg
525.0,BATERIA 12V 100AH OXFORD,700.0,,Unidades,BATERIAS,BATERIA_12V_100AH_OXFORD.jpg,http://localhost:3000/uploads/BATERIA_12V_100AH_OXFORD.jpg
880.0,BATERIA 12V 200AH GEL SUNSHINE,1280.0,,Unidades,BATERIAS,BATERIA_12V_200AH_GEL_SUNSHINE.jpg,http://localhost:3000/uploads/BATERIA_12V_200AH_GEL_SUNSHINE.jpg
1130.0,BATERIA 12V 250AH GEL CICLO PROFUNDO   INTIPOWER,1650.0,,Unidades,BATERIAS,BATERIA_12V_250AH_GEL_CICLO_PROFUNDO_INTIPOWER.jpg,http://localhost:3000/uploads/BATERIA_12V_250AH_GEL_CICLO_PROFUNDO_INTIPOWER.jpg
480.0,BATERIA 12V 85AH GEL  KIJO,580.0,,Unidades,BATERIAS,BATERIA_12V_85AH_GEL_KIJO.jpg,http://localhost:3000/uploads/BATERIA_12V_85AH_GEL_KIJO.jpg
0.0,BATERIA 12V/100AH SOLAR GEL BATTERY VOLTPOWER,870.0,,Unidades,BATERIAS,BATERIA_12V_100AH_SOLAR_GEL_BATTERY_VOLTPOWER.jpg,http://localhost:3000/uploads/BATERIA_12V_100AH_SOLAR_GEL_BATTERY_VOLTPOWER.jpg
0.0,BATERIA 12V/200AH SOLAR GEL BATTERY VOLTPOWER,1250.0,,Unidades,BATERIAS,BATERIA_12V_200AH_SOLAR_GEL_BATTERY_VOLTPOWER.jpg,http://localhost:3000/uploads/BATERIA_12V_200AH_SOLAR_GEL_BATTERY_VOLTPOWER.jpg
58000.0,BATERIA 1DE ALTO VOLTAJE 00 KW BESS SISTEMA DE ALMACENAMIENTO,85000.0,,Unidades,ALARMA RISCO,BATERIA_1DE_ALTO_VOLTAJE_00_KW_BESS_SISTEMA_DE_ALMACENAMIENT.jpg,http://localhost:3000/uploads/BATERIA_1DE_ALTO_VOLTAJE_00_KW_BESS_SISTEMA_DE_ALMACENAMIENT.jpg
1800.0,BATERIA 24V LITIO 150AH LI TIME,2400.0,,Unidades,BATERIAS,BATERIA_24V_LITIO_150AH_LI_TIME.jpg,http://localhost:3000/uploads/BATERIA_24V_LITIO_150AH_LI_TIME.jpg
0.0,BATERIA DE LITIO 24/200 GE-W5KWH-25.6V,5157.0,,Unidades,BATERIAS,BATERIA_DE_LITIO_24_200_GE-W5KWH-25.6V.jpg,http://localhost:3000/uploads/BATERIA_DE_LITIO_24_200_GE-W5KWH-25.6V.jpg
975.0,BATERIA INTIPOWER GEL CICLO PROFUNDO 12V-200AH,1350.0,,Unidades,BATERIAS,BATERIA_INTIPOWER_GEL_CICLO_PROFUNDO_12V-200AH.jpg,http://localhost:3000/uploads/BATERIA_INTIPOWER_GEL_CICLO_PROFUNDO_12V-200AH.jpg
0.0,BATERIA LITIO 12.8V 200AH G2 - RITAR  COMPATIBLE CON V.E.,2550.0,,Unidades,BATERIAS,BATERIA_LITIO_12.8V_200AH_G2_-_RITAR_COMPATIBLE_CON_V.E..jpg,http://localhost:3000/uploads/BATERIA_LITIO_12.8V_200AH_G2_-_RITAR_COMPATIBLE_CON_V.E..jpg
0.0,BATERIA LITIO 48V 100A RITAR,4500.0,,Unidades,ALARMA RISCO,BATERIA_LITIO_48V_100A_RITAR.jpg,http://localhost:3000/uploads/BATERIA_LITIO_48V_100A_RITAR.jpg
0.0,BATERIA LITIO 48V 100AH  SIN MARCA,4600.0,,Unidades,BATERIAS,BATERIA_LITIO_48V_100AH_SIN_MARCA.jpg,http://localhost:3000/uploads/BATERIA_LITIO_48V_100AH_SIN_MARCA.jpg
7500.0,BATERIA LITIO 48V 4.9KW L5000 TS,8500.0,TS-L5000,Unidades,BATERIAS,TS-L5000.jpg,http://localhost:3000/uploads/TS-L5000.jpg
1700.0,BATERIA LITIO CSBATTERY 12V 100AH,1600.0,,Unidades,BATERIAS,BATERIA_LITIO_CSBATTERY_12V_100AH.jpg,http://localhost:3000/uploads/BATERIA_LITIO_CSBATTERY_12V_100AH.jpg
5700.0,BATERIA LITIO HIGH VOLTAGE HV 100VDC 50AH,7400.0,,Unidades,ALARMA RISCO,BATERIA_LITIO_HIGH_VOLTAGE_HV_100VDC_50AH.jpg,http://localhost:3000/uploads/BATERIA_LITIO_HIGH_VOLTAGE_HV_100VDC_50AH.jpg
6405.0,BATERIA LITIO LCD 51.2V 280AH 15KWH RITAR MONTABLE,8200.0,,Unidades,BATERIAS,BATERIA_LITIO_LCD_51.2V_280AH_15KWH_RITAR_MONTABLE.jpg,http://localhost:3000/uploads/BATERIA_LITIO_LCD_51.2V_280AH_15KWH_RITAR_MONTABLE.jpg
3500.0,BATERIA LITTIO 100 AH 48V ZTE,4500.0,,Unidades,BATERIAS,BATERIA_LITTIO_100_AH_48V_ZTE.jpg,http://localhost:3000/uploads/BATERIA_LITTIO_100_AH_48V_ZTE.jpg
0.0,BATERIA LIVOLTEK LITIO 12/100,1300.0,,Unidades,ALARMA RISCO,BATERIA_LIVOLTEK_LITIO_12_100.jpg,http://localhost:3000/uploads/BATERIA_LIVOLTEK_LITIO_12_100.jpg
0.0,BATERIA LIVOLTEK LITIO 24/100,2100.0,,Unidades,BATERIAS,BATERIA_LIVOLTEK_LITIO_24_100.jpg,http://localhost:3000/uploads/BATERIA_LIVOLTEK_LITIO_24_100.jpg
0.0,BATERIA PYLONTECH 48/100 AH,4500.0,,Unidades,ALARMA RISCO,BATERIA_PYLONTECH_48_100_AH.jpg,http://localhost:3000/uploads/BATERIA_PYLONTECH_48_100_AH.jpg
0.0,BATERIA RITAR LITIO 24/200,4200.0,,Unidades,BATERIAS,BATERIA_RITAR_LITIO_24_200.jpg,http://localhost:3000/uploads/BATERIA_RITAR_LITIO_24_200.jpg
3250.0,BMS CONTROL CABECERA BATERIA HIGH VOLTAGE HV,4300.0,,Unidades,BATERIAS,BMS_CONTROL_CABECERA_BATERIA_HIGH_VOLTAGE_HV.jpg,http://localhost:3000/uploads/BMS_CONTROL_CABECERA_BATERIA_HIGH_VOLTAGE_HV.jpg
485.0,BMV 702  MONITOR BATERIA -Black,725.0,,Unidades,BATERIAS,BMV_702_MONITOR_BATERIA_-Black.jpg,http://localhost:3000/uploads/BMV_702_MONITOR_BATERIA_-Black.jpg
8500.0,BOMBA NASTEC 4HS - 2HP,7500.0,,Unidades,BOMBAS,BOMBA_NASTEC_4HS_-_2HP.jpg,http://localhost:3000/uploads/BOMBA_NASTEC_4HS_-_2HP.jpg
1450.0,BOMBA PUMP SHURFLO STANDARD 8000-443-136,1300.0,,Unidades,BOMBAS,BOMBA_PUMP_SHURFLO_STANDARD_8000-443-136.jpg,http://localhost:3000/uploads/BOMBA_PUMP_SHURFLO_STANDARD_8000-443-136.jpg
710.0,BOMBA SOLAR SUPERFICIAL  - 1HP - SOLAR  PUMO 750W SC-3SC95-72/750A - PLATA SANCI,1050.0,,Unidades,BOMBAS,BOMBA_SOLAR_SUPERFICIAL_-_1HP_-_SOLAR_PUMO_750W_SC-3SC95-72_.jpg,http://localhost:3000/uploads/BOMBA_SOLAR_SUPERFICIAL_-_1HP_-_SOLAR_PUMO_750W_SC-3SC95-72_.jpg
50.0,BORNERA BUS BAR PARA BATERIA,80.0,,Unidades,ALARMA RISCO,BORNERA_BUS_BAR_PARA_BATERIA.jpg,http://localhost:3000/uploads/BORNERA_BUS_BAR_PARA_BATERIA.jpg
22.0,BORNERA PARA RIEL DIN,38.0,,Unidades,MATERIALES,BORNERA_PARA_RIEL_DIN.jpg,http://localhost:3000/uploads/BORNERA_PARA_RIEL_DIN.jpg
0.0,BORNERA TIERRA VERDE  RIEL 16MM2,1.0,,Unidades,ALARMA RISCO,BORNERA_TIERRA_VERDE_RIEL_16MM2.jpg,http://localhost:3000/uploads/BORNERA_TIERRA_VERDE_RIEL_16MM2.jpg
10.0,BORNERA UNIVERSAL 25M2 GRIS TIPO TORNILLO,30.0,,Unidades,ELECTRICIDAD,BORNERA_UNIVERSAL_25M2_GRIS_TIPO_TORNILLO.jpg,http://localhost:3000/uploads/BORNERA_UNIVERSAL_25M2_GRIS_TIPO_TORNILLO.jpg
206.0,BRACKET CMPTBLE BTRA PYLNTCH US3000,268.0,US3000,Unidades,BATERIAS,US3000.jpg,http://localhost:3000/uploads/US3000.jpg
0.0,BSL BATERIA LITIO 48V/100 AH,4500.0,,Unidades,BATERIAS,BSL_BATERIA_LITIO_48V_100_AH.jpg,http://localhost:3000/uploads/BSL_BATERIA_LITIO_48V_100_AH.jpg
0.0,BULLET IP WIFI EXTERIOR 4MP,240.0,,Unidades,CAM INALAMBRICAS,BULLET_IP_WIFI_EXTERIOR_4MP.jpg,http://localhost:3000/uploads/BULLET_IP_WIFI_EXTERIOR_4MP.jpg
63.0,BUSBAR - BARRA COLECTORA 150A 4 P + TAPA VICTRON ENERGY,150.0,,Unidades,ALARMA RISCO,BUSBAR_-_BARRA_COLECTORA_150A_4_P_TAPA_VICTRON_ENERGY.jpg,http://localhost:3000/uploads/BUSBAR_-_BARRA_COLECTORA_150A_4_P_TAPA_VICTRON_ENERGY.jpg
0.0,BWare™ DT GRADO 2,180.0,RK515DTBGL0A,Unidades,ALARMA RISCO,RK515DTBGL0A.jpg,http://localhost:3000/uploads/RK515DTBGL0A.jpg
0.0,Batería de Litio 24V 100Ah LiFePO4 Gospower,2100.0,,Unidades,BATERIAS,Bater_a_de_Litio_24V_100Ah_LiFePO4_Gospower.jpg,http://localhost:3000/uploads/Bater_a_de_Litio_24V_100Ah_LiFePO4_Gospower.jpg
295.0,Brazo Hidráulico 1002,413.0,1002,Unidades,ESTRUCTURA,1002.jpg,http://localhost:3000/uploads/1002.jpg
0.0,CABLE ALRM DE INTRSON 4X22,160.0,HG-4X22UN300,Unidades,ALARMA RISCO,HG-4X22UN300.jpg,http://localhost:3000/uploads/HG-4X22UN300.jpg
16.0,CABLE BATERIA  4 mm2 X 1 METRO + 02 TERMINAL CU/ ROJO Y NEGRO,28.0,,Unidades,CABLES PARA PANEL SOLAR,CABLE_BATERIA_4_mm2_X_1_METRO_02_TERMINAL_CU_ROJO_Y_NEGRO.jpg,http://localhost:3000/uploads/CABLE_BATERIA_4_mm2_X_1_METRO_02_TERMINAL_CU_ROJO_Y_NEGRO.jpg
8.8,CABLE BATERIA 1 X 4 AGW 20CM + 02 TERMINAL CU x,14.0,,Unidades,CABLES PARA PANEL SOLAR,CABLE_BATERIA_1_X_4_AGW_20CM_02_TERMINAL_CU_x.jpg,http://localhost:3000/uploads/CABLE_BATERIA_1_X_4_AGW_20CM_02_TERMINAL_CU_x.jpg
0.0,CABLE CAT6 UTP DIXON P.COBRE 305M,670.0,9040/24 LSZH,Unidades,NETWORKING,9040_24_LSZH.jpg,http://localhost:3000/uploads/9040_24_LSZH.jpg
0.0,CABLE CONTRA INCENDIO 2X18 X METRO,2.5,,m,MATERIALES PARA INSTALACION,CABLE_CONTRA_INCENDIO_2X18_X_METRO.jpg,http://localhost:3000/uploads/CABLE_CONTRA_INCENDIO_2X18_X_METRO.jpg
0.0,CABLE CONTRA INCENDIO 4X22 X METRO,2.0,,m,MATERIALES PARA INSTALACION,CABLE_CONTRA_INCENDIO_4X22_X_METRO.jpg,http://localhost:3000/uploads/CABLE_CONTRA_INCENDIO_4X22_X_METRO.jpg
429.0,CABLE DE ALARMA CONTRA INCENDIOS  FPLR LISTADO HG-UL2X18,686.0,,Unidades,CABLES,CABLE_DE_ALARMA_CONTRA_INCENDIOS_FPLR_LISTADO_HG-UL2X18.jpg,http://localhost:3000/uploads/CABLE_DE_ALARMA_CONTRA_INCENDIOS_FPLR_LISTADO_HG-UL2X18.jpg
2.2,CABLE F/UTP CAT 5E EXTERIOR,2.7,,Unidades,NETWORKING,CABLE_F_UTP_CAT_5E_EXTERIOR.jpg,http://localhost:3000/uploads/CABLE_F_UTP_CAT_5E_EXTERIOR.jpg
0.0,CABLE F/UTP CAT6A,2.7,,Unidades,NETWORKING,CABLE_F_UTP_CAT6A.jpg,http://localhost:3000/uploads/CABLE_F_UTP_CAT6A.jpg
4.86,CABLE GPT 10AWG NEGRO 0.3KV 10000641 Indeco,8.0,,Unidades,ALARMA RISCO,CABLE_GPT_10AWG_NEGRO_0.3KV_10000641_Indeco.jpg,http://localhost:3000/uploads/CABLE_GPT_10AWG_NEGRO_0.3KV_10000641_Indeco.jpg
375.0,CABLE INDECO 14AWG   cobre puro x 100m,375.0,,Unidades,CABLES,CABLE_INDECO_14AWG_cobre_puro_x_100m.jpg,http://localhost:3000/uploads/CABLE_INDECO_14AWG_cobre_puro_x_100m.jpg
300.0,CABLE N2XOH 3-1X150MM2 0.6/1KV,340.0,,Unidades,CABLES,CABLE_N2XOH_3-1X150MM2_0.6_1KV.jpg,http://localhost:3000/uploads/CABLE_N2XOH_3-1X150MM2_0.6_1KV.jpg
13.5,CABLE N2XOH3-1*6MM2 NEGRO 0.6/1KV,16.5,,Unidades,CABLES,CABLE_N2XOH3-1_6MM2_NEGRO_0.6_1KV.jpg,http://localhost:3000/uploads/CABLE_N2XOH3-1_6MM2_NEGRO_0.6_1KV.jpg
25.0,CABLE PARA BATERIA 10mm2 X 1 METRO ROJO Y NEGRO,40.0,,m,CABLES PARA PANEL SOLAR,CABLE_PARA_BATERIA_10mm2_X_1_METRO_ROJO_Y_NEGRO.jpg,http://localhost:3000/uploads/CABLE_PARA_BATERIA_10mm2_X_1_METRO_ROJO_Y_NEGRO.jpg
15.0,CABLE PARA BATERIA 4mm,15.0,,m,CABLES PARA PANEL SOLAR,CABLE_PARA_BATERIA_4mm.jpg,http://localhost:3000/uploads/CABLE_PARA_BATERIA_4mm.jpg
0.0,CABLE SOLAR 25MM2,236.0,,Unidades,CABLES PARA PANEL SOLAR,CABLE_SOLAR_25MM2.jpg,http://localhost:3000/uploads/CABLE_SOLAR_25MM2.jpg
7.0,CABLE SOLAR FV 10MM2,18.0,,Unidades,CABLES,CABLE_SOLAR_FV_10MM2.jpg,http://localhost:3000/uploads/CABLE_SOLAR_FV_10MM2.jpg
0.0,CABLE TIERRA 12AWG X METRO,3.5,,Unidades,POZO TIERRA,CABLE_TIERRA_12AWG_X_METRO.jpg,http://localhost:3000/uploads/CABLE_TIERRA_12AWG_X_METRO.jpg
4.5,CABLE TIERRA N2XOH 6MM2,5.8,,Unidades,CABLES,CABLE_TIERRA_N2XOH_6MM2.jpg,http://localhost:3000/uploads/CABLE_TIERRA_N2XOH_6MM2.jpg
3.5,CABLE TIERRA N2XOH 6MM2,6.0,,Unidades,ELECTRICIDAD,CABLE_TIERRA_N2XOH_6MM2_2.jpg,http://localhost:3000/uploads/CABLE_TIERRA_N2XOH_6MM2_2.jpg
119.25,CABLE USB A RS485 VICTRON,125.0,,Unidades,CABLES DE COMUNICACION,CABLE_USB_A_RS485_VICTRON.jpg,http://localhost:3000/uploads/CABLE_USB_A_RS485_VICTRON.jpg
51.8,CABLE VEDIRECT (1.8 M),95.0,,Unidades,CONTROLADORES,CABLE_VEDIRECT_1.8_M_.jpg,http://localhost:3000/uploads/CABLE_VEDIRECT_1.8_M_.jpg
465.0,CAJA DE CABLE UTP CAT6 SATRA,600.0,,Unidades,NETWORKING,CAJA_DE_CABLE_UTP_CAT6_SATRA.jpg,http://localhost:3000/uploads/CAJA_DE_CABLE_UTP_CAT6_SATRA.jpg
38.0,CAJA DE MONTAJE PARA ESTACION MANUAL FIRELITE,55.0,,Unidades,INCENDIO,CAJA_DE_MONTAJE_PARA_ESTACION_MANUAL_FIRELITE.jpg,http://localhost:3000/uploads/CAJA_DE_MONTAJE_PARA_ESTACION_MANUAL_FIRELITE.jpg
8.5,CAJA DE PASE 10 x 10,12.0,,Unidades,MATERIALES,CAJA_DE_PASE_10_x_10.jpg,http://localhost:3000/uploads/CAJA_DE_PASE_10_x_10.jpg
0.0,CAJA MODULAR PVC,6.0,,Unidades,INCENDIO,CAJA_MODULAR_PVC.jpg,http://localhost:3000/uploads/CAJA_MODULAR_PVC.jpg
67.0,CAM ANA 2MP SMART HYBRID LIGHT IR 20M C/AUDIO,85.0,HK-DS2CE76D0T-LPFS,Unidades,CAMARAS ANALOGAS,HK-DS2CE76D0T-LPFS.jpg,http://localhost:3000/uploads/HK-DS2CE76D0T-LPFS.jpg
87.0,CAM ANA 2MP VIDIRECCIONAL  SMART HYBRID LIGHT IR 40M 2.8MM AUDIO 2 VIAS HK-DS2CE78D0T-LTS,140.0,,Unidades,CAMARAS ANALOGAS,CAM_ANA_2MP_VIDIRECCIONAL_SMART_HYBRID_LIGHT_IR_40M_2.8MM_AU.jpg,http://localhost:3000/uploads/CAM_ANA_2MP_VIDIRECCIONAL_SMART_HYBRID_LIGHT_IR_40M_2.8MM_AU.jpg
116.0,CAM ANA 8MP 4K EXTERIOIR IR 30M HK-DS2CE76U0T-LPF,155.0,HK-DS2CE76U0T-LPF,Unidades,CAMARAS ANALOGAS,HK-DS2CE76U0T-LPF.jpg,http://localhost:3000/uploads/HK-DS2CE76U0T-LPF.jpg
38.8,CAM DOMO 720P PLASTICA IR 20M HK-DS2CE56C0T-IRPF,56.0,HK-DS2CE56C0T-IRPF,Unidades,CAMARAS ANALOGAS,HK-DS2CE56C0T-IRPF.jpg,http://localhost:3000/uploads/HK-DS2CE56C0T-IRPF.jpg
265.0,CAM INA CRUISER DUAL LENS 10MP -WIFI,380.0,IPC-S7XN-10M0WED,Unidades,CAM INALAMBRICAS,IPC-S7XN-10M0WED.jpg,http://localhost:3000/uploads/IPC-S7XN-10M0WED.jpg
241.0,CAM INA CRUISER DUAL LENS 6MP -WIFI,330.0,IPC-S7XN-6M0WED,Unidades,CAM INALAMBRICAS,IPC-S7XN-6M0WED.jpg,http://localhost:3000/uploads/IPC-S7XN-6M0WED.jpg
167.0,CAM IP 2MP AUDIO HK-DS2CD1123G2-I,220.0,HK-DS2CD1123G2-I,Unidades,CAMARAS IP,HK-DS2CD1123G2-I.jpg,http://localhost:3000/uploads/HK-DS2CD1123G2-I.jpg
162.0,CAM IP 2MP COLORVU AUDIO HK-DS2CD1027G2H-LIU,210.0,HK-DS2CD1027G2H-LIU,Unidades,CAMARAS IP,HK-DS2CD1027G2H-LIU.jpg,http://localhost:3000/uploads/HK-DS2CD1027G2H-LIU.jpg
162.0,CAM IP 2MP COLORVU TURRET AUDIO HK-DS2CD1327G2H-LIU,210.0,HK-DS2CD1327G2H-LIU,Unidades,CAMARAS IP,HK-DS2CD1327G2H-LIU.jpg,http://localhost:3000/uploads/HK-DS2CD1327G2H-LIU.jpg
141.0,CAM IP 2MP EXT HK-DS2CD1023G2-I,190.0,HK-DS2CD1023G2-I,Unidades,CAMARAS IP,HK-DS2CD1023G2-I.jpg,http://localhost:3000/uploads/HK-DS2CD1023G2-I.jpg
235.0,CAM IP 4MP COLORVU  AUDIO/MICRO HK-DS2CD1347G2H-LIU,310.0,HK-DS2CD1347G2H-LIU,Unidades,CAMARAS IP,HK-DS2CD1347G2H-LIU.jpg,http://localhost:3000/uploads/HK-DS2CD1347G2H-LIU.jpg
238.0,CAM IP 4MP COLORVU AUDIO HK-DS2CD1047G2H-LIU,320.0,HK-DS2CD1047G2H-LIU,Unidades,CAMARAS IP,HK-DS2CD1047G2H-LIU.jpg,http://localhost:3000/uploads/HK-DS2CD1047G2H-LIU.jpg
605.0,CAM IP 4MP COLORVU TURRET PANORAMICA 180 ° STROBE Y ALARMA AUDIBLE HK-DS2CD2347G2P-LSU/SL,790.0,HK-DS2CD2347G2P-LSU/SL,Unidades,CAMARAS IP,HK-DS2CD2347G2P-LSU_SL.jpg,http://localhost:3000/uploads/HK-DS2CD2347G2P-LSU_SL.jpg
117.0,CAM IP 4MP CON PANEL SOLAR,813.0,HK-DS2XS2T41G1-ID-4G,Unidades,CAMARAS IP,HK-DS2XS2T41G1-ID-4G.jpg,http://localhost:3000/uploads/HK-DS2XS2T41G1-ID-4G.jpg
170.0,CAM IP 4MP EXT HK-DS2CD1143G2-I,238.0,HK-DS2CD1143G2-I,Unidades,CAMARAS IP,HK-DS2CD1143G2-I.jpg,http://localhost:3000/uploads/HK-DS2CD1143G2-I.jpg
646.0,CAM IP 4MP EXT PANORAMICA AUDIO Y ALARMA,840.0,HK-DS2CD2T47G2P-LSU/SL,Unidades,CAMARAS IP,HK-DS2CD2T47G2P-LSU_SL.jpg,http://localhost:3000/uploads/HK-DS2CD2T47G2P-LSU_SL.jpg
363.0,CAM IP 4MP MICROSD/AUDIO HK-DS2CD1743G2-LIZU,480.0,HK-DS2CD1743G2-LIZU,Unidades,CAMARAS IP,HK-DS2CD1743G2-LIZU.jpg,http://localhost:3000/uploads/HK-DS2CD1743G2-LIZU.jpg
160.9,CAM IP DOMO EXT 3MP 2K WIFI,224.9,,Unidades,CAM INALAMBRICAS,CAM_IP_DOMO_EXT_3MP_2K_WIFI.jpg,http://localhost:3000/uploads/CAM_IP_DOMO_EXT_3MP_2K_WIFI.jpg
499.0,CAM IP MOVIL TIPO BALA 2MP,620.0,HK-DS-2XM6222GI-IM/ND,Unidades,CAMARAS IP,HK-DS-2XM6222GI-IM_ND.jpg,http://localhost:3000/uploads/HK-DS-2XM6222GI-IM_ND.jpg
0.0,CAM IP TUNDEMVU 4 MP + 4MP,365.0,SKU:HK-DS2SE2C400MWG-E/14,Unidades,ALARMA RISCO,SKU_HK-DS2SE2C400MWG-E_14.jpg,http://localhost:3000/uploads/SKU_HK-DS2SE2C400MWG-E_14.jpg
137.0,CAM IP/AUTOMOVIL HK-AE-DC2018-K2,180.0,HK-AE-DC2018-K2,Unidades,CAMARAS IP,HK-AE-DC2018-K2.jpg,http://localhost:3000/uploads/HK-AE-DC2018-K2.jpg
42.0,CAM TUBO EXTERIOR 720P - IR 20M PLASTICA HK-DS2CE16C0T-IRPF,55.0,HK-DS2CE16C0T-IRPF,Unidades,CAMARAS ANALOGAS,HK-DS2CE16C0T-IRPF.jpg,http://localhost:3000/uploads/HK-DS2CE16C0T-IRPF.jpg
440.0,CAM TUBO IP DOBLE LENTE 180° 6MP 2.8MM SMART HYBRID  IR30M - HK-DS2CD1T67G2HP-LIUF/SRB HKVISION,580.0,,Unidades,CAMARAS IP,CAM_TUBO_IP_DOBLE_LENTE_180_6MP_2.8MM_SMART_HYBRID_IR30M_-_H.jpg,http://localhost:3000/uploads/CAM_TUBO_IP_DOBLE_LENTE_180_6MP_2.8MM_SMART_HYBRID_IR30M_-_H.jpg
417.0,CAMARA IP DOBLE LENTE 180° 6MP 2.8MM SMART HYBRID LIGHT IR30M-HK-DS2CD1367G2HP-LIUF/SRB - HIKVISION,550.0,,Unidades,CAMARAS IP,CAMARA_IP_DOBLE_LENTE_180_6MP_2.8MM_SMART_HYBRID_LIGHT_IR30M.jpg,http://localhost:3000/uploads/CAMARA_IP_DOBLE_LENTE_180_6MP_2.8MM_SMART_HYBRID_LIGHT_IR30M.jpg
765.0,"CAMARA IP DUAL EXTERIOR C/BATERIA 10,400mAh+PANEL SOLAR 8W- CS-HB90X/SP-R100(4MP+4MP)W4GA",950.0,,Unidades,CAMARAS IP,CAMARA_IP_DUAL_EXTERIOR_C_BATERIA_10_400mAh_PANEL_SOLAR_8W-_.jpg,http://localhost:3000/uploads/CAMARA_IP_DUAL_EXTERIOR_C_BATERIA_10_400mAh_PANEL_SOLAR_8W-_.jpg
514.5,CAMARA IP MOVIL CABINA FHD,916.53,,Unidades,MOVIL,CAMARA_IP_MOVIL_CABINA_FHD.jpg,http://localhost:3000/uploads/CAMARA_IP_MOVIL_CABINA_FHD.jpg
800.0,CAMARA MOVIL IP EXTERIOR FHD 2MP,1129.97,,Unidades,MOVIL,CAMARA_MOVIL_IP_EXTERIOR_FHD_2MP.jpg,http://localhost:3000/uploads/CAMARA_MOVIL_IP_EXTERIOR_FHD_2MP.jpg
333.0,CAMARA PARA AUTOMOVIL HK-AE-DC5313-C6,440.0,HK-AE-DC5313-C6,Unidades,CAMARAS IP,HK-AE-DC5313-C6.jpg,http://localhost:3000/uploads/HK-AE-DC5313-C6.jpg
242.7,CAMARA PARA BEBE CON BATERIA Y WIFI 2MP,374.9,,Unidades,CAM INALAMBRICAS,CAMARA_PARA_BEBE_CON_BATERIA_Y_WIFI_2MP.jpg,http://localhost:3000/uploads/CAMARA_PARA_BEBE_CON_BATERIA_Y_WIFI_2MP.jpg
266.08,CAMARA VIDEO PORTERO 2MP C/1 BOTON OJO DE PEZ,350.0,,Unidades,VIDEO PORTERO,CAMARA_VIDEO_PORTERO_2MP_C_1_BOTON_OJO_DE_PEZ.jpg,http://localhost:3000/uploads/CAMARA_VIDEO_PORTERO_2MP_C_1_BOTON_OJO_DE_PEZ.jpg
12.5,CANALETA RANURADA (1 METRO),20.0,,Unidades,MATERIALES PARA INSTALACION,CANALETA_RANURADA_1_METRO_.jpg,http://localhost:3000/uploads/CANALETA_RANURADA_1_METRO_.jpg
0.0,CARGADOR BATERÍAS 12V 30A VICTRON SMART,800.0,,Unidades,CONTROLADORES,CARGADOR_BATER_AS_12V_30A_VICTRON_SMART.jpg,http://localhost:3000/uploads/CARGADOR_BATER_AS_12V_30A_VICTRON_SMART.jpg
80000.0,CARPOT SOLAR PARA AUTOS 10 AUTOS,110000.0,,Unidades,ALARMA RISCO,CARPOT_SOLAR_PARA_AUTOS_10_AUTOS.jpg,http://localhost:3000/uploads/CARPOT_SOLAR_PARA_AUTOS_10_AUTOS.jpg
0.0,CAT.6A PATCH CORD 2 M,20.0,,Unidades,NETWORKING,CAT.6A_PATCH_CORD_2_M.jpg,http://localhost:3000/uploads/CAT.6A_PATCH_CORD_2_M.jpg
85.0,CBLE HDMI DE 20M,100.0,ZK-15HD-C,Unidades,NETWORKING,ZK-15HD-C.jpg,http://localhost:3000/uploads/ZK-15HD-C.jpg
0.0,CBLE UTP CAT5E,448.0,CAJA 305M,Unidades,NETWORKING,CAJA_305M.jpg,http://localhost:3000/uploads/CAJA_305M.jpg
375.0,"CENTRAL COMUNIC 48 ESPAÑOL, SOLUCION CONDOMINIO",550.0,4503002 COMUNIC 48,Unidades,INTERCOMUNICADORES,4503002_COMUNIC_48.jpg,http://localhost:3000/uploads/4503002_COMUNIC_48.jpg
915.0,CENTRAL HIBRIDA IMPACTA 68 I  INTELBRAS,1300.0,,Unidades,INTERCOMUNICADORES,CENTRAL_HIBRIDA_IMPACTA_68_I_INTELBRAS.jpg,http://localhost:3000/uploads/CENTRAL_HIBRIDA_IMPACTA_68_I_INTELBRAS.jpg
850.0,CERBO GX  MK2 - SISTEMA DE MONITOREO-  VICTRON ENERGY,1230.0,,Unidades,CONTROLADORES,CERBO_GX_MK2_-_SISTEMA_DE_MONITOREO-_VICTRON_ENERGY.jpg,http://localhost:3000/uploads/CERBO_GX_MK2_-_SISTEMA_DE_MONITOREO-_VICTRON_ENERGY.jpg
0.0,CERTIFICACION DE PUNTOS DE RED,25.0,,Unidades,NETWORKING,CERTIFICACION_DE_PUNTOS_DE_RED.jpg,http://localhost:3000/uploads/CERTIFICACION_DE_PUNTOS_DE_RED.jpg
0.0,CNCTRS MC4 PVStick Weidmuller,18.0,MC4 PVStick Weidmuller,Unidades,PANELES,MC4_PVStick_Weidmuller.jpg,http://localhost:3000/uploads/MC4_PVStick_Weidmuller.jpg
715.0,COFEM 12 ZONAS CENTRAL INCENDIO CONVENCIONAL CO-CLVR12Z,950.0,,Unidades,INCENDIO,COFEM_12_ZONAS_CENTRAL_INCENDIO_CONVENCIONAL_CO-CLVR12Z.jpg,http://localhost:3000/uploads/COFEM_12_ZONAS_CENTRAL_INCENDIO_CONVENCIONAL_CO-CLVR12Z.jpg
500.0,COFEM 4 ZONAS CENTRAL INCENDI O CONVENCIONAL- CO-IRON04,750.0,CO-IRON04,Unidades,INCENDIO,CO-IRON04.jpg,http://localhost:3000/uploads/CO-IRON04.jpg
90.0,COFEM SENSOR DE HUMO OPTICO DIRECCIONABLE,140.0,CO-A50S,Unidades,INCENDIO,CO-A50S.jpg,http://localhost:3000/uploads/CO-A50S.jpg
43.0,COFEM SENSOR DE HUMO Y TEMPERATURA | CONVENCIONAL SERIE 50,69.0,CO-C50SH,Unidades,INCENDIO,CO-C50SH.jpg,http://localhost:3000/uploads/CO-C50SH.jpg
25.5,COFEM SENSOR DE TEMPERATURA CONVENCIONAL SERIE 50,40.0,CO-C50T,Unidades,INCENDIO,CO-C50T.jpg,http://localhost:3000/uploads/CO-C50T.jpg
101.0,COFEM SIRENA INTERIOR CON FLASH 24V ACUSTICA CON LUZ,160.0,CO-SIR24F,Unidades,INCENDIO,CO-SIR24F.jpg,http://localhost:3000/uploads/CO-SIR24F.jpg
660.0,COFEN CENTRAL DE INCENDIO CONVENCIONAL  12 ZONAS,950.0,COFEM-CLVR12Z,Unidades,INCENDIO,COFEM-CLVR12Z.jpg,http://localhost:3000/uploads/COFEM-CLVR12Z.jpg
1350.0,COFEN CENTRAL INCENDIO DIRECCION LYON 2 BUCLES 99 PT.PTA,2000.0,,Unidades,INCENDIO,COFEN_CENTRAL_INCENDIO_DIRECCION_LYON_2_BUCLES_99_PT.PTA.jpg,http://localhost:3000/uploads/COFEN_CENTRAL_INCENDIO_DIRECCION_LYON_2_BUCLES_99_PT.PTA.jpg
0.0,"COMPROBADORES DE INSTALACION FOTOVOLTAICAMARCA:METREL MODELO: MI 3115 PV Kit estandar , 1500 V, 20 A",8900.0,,Unidades,PANELES,COMPROBADORES_DE_INSTALACION_FOTOVOLTAICAMARCA_METREL_MODELO.jpg,http://localhost:3000/uploads/COMPROBADORES_DE_INSTALACION_FOTOVOLTAICAMARCA_METREL_MODELO.jpg
21.5,CONECTOR MC4 2EN 1,35.0,,Unidades,PANELES,CONECTOR_MC4_2EN_1.jpg,http://localhost:3000/uploads/CONECTOR_MC4_2EN_1.jpg
28.0,CONECTOR MC4 DE 1 A 3,42.5,,Unidades,PANELES,CONECTOR_MC4_DE_1_A_3.jpg,http://localhost:3000/uploads/CONECTOR_MC4_DE_1_A_3.jpg
0.0,CONTACTO MAGNÉTICO LIVIANO,6.0,MCS-3102B,Unidades,ALARMA RISCO,MCS-3102B.jpg,http://localhost:3000/uploads/MCS-3102B.jpg
0.0,"CONTROL ACCESO ASISTENCIA|HUELLA Y FACIAL|3,000 ROSTROS|3,000 TARJETAS EM",1.0,,Unidades,ACC Y ASIST.,CONTROL_ACCESO_ASISTENCIA_HUELLA_Y_FACIAL_3_000_ROSTROS_3_00.jpg,http://localhost:3000/uploads/CONTROL_ACCESO_ASISTENCIA_HUELLA_Y_FACIAL_3_000_ROSTROS_3_00.jpg
0.0,"CONTROL DE ACC Y ASIST BIOMET. 3000 ROSTRO, HUELLA Y TARJ",750.0,,Unidades,ACC Y ASIST.,CONTROL_DE_ACC_Y_ASIST_BIOMET._3000_ROSTRO_HUELLA_Y_TARJ.jpg,http://localhost:3000/uploads/CONTROL_DE_ACC_Y_ASIST_BIOMET._3000_ROSTRO_HUELLA_Y_TARJ.jpg
7.0,CONTROL VELOCIDAD MOTOR LED POR PWM DC 3-35 5AMP,50.0,,Unidades,CONTROLADORES,CONTROL_VELOCIDAD_MOTOR_LED_POR_PWM_DC_3-35_5AMP.jpg,http://localhost:3000/uploads/CONTROL_VELOCIDAD_MOTOR_LED_POR_PWM_DC_3-35_5AMP.jpg
63.0,CONTROLADOR DE CARGA 20A 12V/24V LCDSOLAR,110.0,,Unidades,CONTROLADORES,CONTROLADOR_DE_CARGA_20A_12V_24V_LCDSOLAR.jpg,http://localhost:3000/uploads/CONTROLADOR_DE_CARGA_20A_12V_24V_LCDSOLAR.jpg
0.0,CONTROLADOR ELECTRÓNICO MODELO PILOT 330 3 x 380V.,2735.0,,Unidades,CONTROLADORES,CONTROLADOR_ELECTR_NICO_MODELO_PILOT_330_3_x_380V..jpg,http://localhost:3000/uploads/CONTROLADOR_ELECTR_NICO_MODELO_PILOT_330_3_x_380V..jpg
65.0,CONVERTIDOR A FIBRA OPTICA DE RJ45 A MULTIMODO SFP,90.0,TP-MC220L,Unidades,NETWORKING,TP-MC220L.jpg,http://localhost:3000/uploads/TP-MC220L.jpg
176.07,CT90-30 ALTERNATIVA AL TRANSFORMADOR MONOFÁSICO  GOODWE,249.31,CT90-30,Unidades,SMART METER,CT90-30.jpg,http://localhost:3000/uploads/CT90-30.jpg
852.1700000000001,CT90-5 TRANSFORMADOR MONOFÁSICO GOODWE,1200.0,CT90-5,Unidades,SMART METER,CT90-5.jpg,http://localhost:3000/uploads/CT90-5.jpg
0.0,"CURVA CONDUIT DE ACERO GALVANIZADO  2"" DE DIAMETRO",150.0,,Unidades,ALARMA RISCO,CURVA_CONDUIT_DE_ACERO_GALVANIZADO_2_DE_DIAMETRO.jpg,http://localhost:3000/uploads/CURVA_CONDUIT_DE_ACERO_GALVANIZADO_2_DE_DIAMETRO.jpg
0.0,DADOS PARA SOPORTE PANEL,150.0,,Unidades,ESTRUCTURA,DADOS_PARA_SOPORTE_PANEL.jpg,http://localhost:3000/uploads/DADOS_PARA_SOPORTE_PANEL.jpg
69.0,DAHUA CAM  ANALOG 2MP INTERIOR CON AUDIO HAC-T2A21,90.0,,Unidades,CAMARAS ANALOGAS,DAHUA_CAM_ANALOG_2MP_INTERIOR_CON_AUDIO_HAC-T2A21.jpg,http://localhost:3000/uploads/DAHUA_CAM_ANALOG_2MP_INTERIOR_CON_AUDIO_HAC-T2A21.jpg
30000.0,DAWNICE - BATERIA ENERGY SYSTEM STORAGE 204.8V -314AH  64KWH FRECUENCIA 50/60HZ,60000.0,,Unidades,BATERIAS,DAWNICE_-_BATERIA_ENERGY_SYSTEM_STORAGE_204.8V_-314AH_64KWH_.jpg,http://localhost:3000/uploads/DAWNICE_-_BATERIA_ENERGY_SYSTEM_STORAGE_204.8V_-314AH_64KWH_.jpg
862.5,DESCARGADOR SOBRETENSIONES  CLAMPER SOLAR   1040V 40kA,1150.0,,Unidades,CONTROLADORES,DESCARGADOR_SOBRETENSIONES_CLAMPER_SOLAR_1040V_40kA.jpg,http://localhost:3000/uploads/DESCARGADOR_SOBRETENSIONES_CLAMPER_SOLAR_1040V_40kA.jpg
98.0,DETECTOR DE HUMO 2-4 HILOS  CONVENCIONAL- MIRCOM,125.0,,Unidades,INCENDIO,DETECTOR_DE_HUMO_2-4_HILOS_CONVENCIONAL-_MIRCOM.jpg,http://localhost:3000/uploads/DETECTOR_DE_HUMO_2-4_HILOS_CONVENCIONAL-_MIRCOM.jpg
22.0,DETECTOR DE HUMO DE 2/4 HILOS DIMAX 12 A 24 V DIMAX ACC,40.0,,Unidades,INCENDIO,DETECTOR_DE_HUMO_DE_2_4_HILOS_DIMAX_12_A_24_V_DIMAX_ACC.jpg,http://localhost:3000/uploads/DETECTOR_DE_HUMO_DE_2_4_HILOS_DIMAX_12_A_24_V_DIMAX_ACC.jpg
26.0,DIMAX - ESTAC MANUAL DOBLE ACCION LLAVE,55.0,,Unidades,INCENDIO,DIMAX_-_ESTAC_MANUAL_DOBLE_ACCION_LLAVE.jpg,http://localhost:3000/uploads/DIMAX_-_ESTAC_MANUAL_DOBLE_ACCION_LLAVE.jpg
22.0,DIMAX 2/4 HLS 12/24v SENSOR DE HUMO,40.0,DF140045,Unidades,INCENDIO,DF140045.jpg,http://localhost:3000/uploads/DF140045.jpg
22.0,DIMAX- SIRENA ESTROBO DE 3 TONOS  12 A 24V,48.0,,Unidades,INCENDIO,DIMAX-_SIRENA_ESTROBO_DE_3_TONOS_12_A_24V.jpg,http://localhost:3000/uploads/DIMAX-_SIRENA_ESTROBO_DE_3_TONOS_12_A_24V.jpg
170.0,DISCO DURO SOLIDO 500GB C/ADAPTADOR GRABADOR,230.0,,Unidades,ALARMA RISCO,DISCO_DURO_SOLIDO_500GB_C_ADAPTADOR_GRABADOR.jpg,http://localhost:3000/uploads/DISCO_DURO_SOLIDO_500GB_C_ADAPTADOR_GRABADOR.jpg
210.0,DNGLE WIFI GROWATT,250.0,,Unidades,PANELES,DNGLE_WIFI_GROWATT.jpg,http://localhost:3000/uploads/DNGLE_WIFI_GROWATT.jpg
70.0,DOMO 5MP IR 20M AUDIO/MICRO HK-DS2CE76H0T-ITPFS,110.0,HK-DS2CE76H0T-ITPFS,Unidades,CAMARAS ANALOGAS,HK-DS2CE76H0T-ITPFS.jpg,http://localhost:3000/uploads/HK-DS2CE76H0T-ITPFS.jpg
54.0,DOMO ANA 1080P D/N 20M HK-DS2CE56D0T-IRPF,70.0,HK-DS2CE56D0T-IRPF,Unidades,CAMARAS ANALOGAS,HK-DS2CE56D0T-IRPF.jpg,http://localhost:3000/uploads/HK-DS2CE56D0T-IRPF.jpg
90.0,DOMO ANA 2MP COLOR VU  HK-DS2CE70DF0T-PF,130.0,HK-DS2CE70DF0T-PF,Unidades,CAMARAS ANALOGAS,HK-DS2CE70DF0T-PF.jpg,http://localhost:3000/uploads/HK-DS2CE70DF0T-PF.jpg
90.0,DOMO ANA 2MP COLORVU 20M AUDIO HK-DS2CE70DF0T-LPFS,115.0,HK-DS2CE70DF0T-LPFS,Unidades,CAMARAS ANALOGAS,HK-DS2CE70DF0T-LPFS.jpg,http://localhost:3000/uploads/HK-DS2CE70DF0T-LPFS.jpg
70.0,DOMO ANA 2MP D/N 20M  AUDIO HK-DS2CE76D0T-ITPFS,90.0,HK-DS2CE76D0T-ITPFS,Unidades,CAMARAS ANALOGAS,HK-DS2CE76D0T-ITPFS.jpg,http://localhost:3000/uploads/HK-DS2CE76D0T-ITPFS.jpg
70.0,DOMO ANA 2MP D/N 20M HK-DS2CE56D0T-IRMF,95.0,HK-DS2CE56D0T-IRMF,Unidades,CAMARAS ANALOGAS,HK-DS2CE56D0T-IRMF.jpg,http://localhost:3000/uploads/HK-DS2CE56D0T-IRMF.jpg
144.0,DOMO ANA 2MP EXT 40M HK-DS2CE79D0T-VFIT3F,187.0,HK-DS2CE79D0T-VFIT3F,Unidades,CAMARAS ANALOGAS,HK-DS2CE79D0T-VFIT3F.jpg,http://localhost:3000/uploads/HK-DS2CE79D0T-VFIT3F.jpg
112.0,DOMO ANA 5MP COLOVU 20M AUDIO/MICRO HK-DS2CE70KF0T-LPFS,150.0,HK-DS2CE70KF0T-LPFS,Unidades,CAMARAS ANALOGAS,HK-DS2CE70KF0T-LPFS.jpg,http://localhost:3000/uploads/HK-DS2CE70KF0T-LPFS.jpg
832.0,DOMO PTZ 25X 1080P IR 100M HK-DS2AE4225TI-D,1082.0,HK-DS2AE4225TI-D,Unidades,CAMARAS ANALOGAS,HK-DS2AE4225TI-D.jpg,http://localhost:3000/uploads/HK-DS2AE4225TI-D.jpg
287.0,DVR 16CH 1080LITE AUDIO 1HDD HK-DS7216HGHI-M1(S),450.0,HK-DS7216HGHI-M1(S),Unidades,DVR,HK-DS7216HGHI-M1_S_.jpg,http://localhost:3000/uploads/HK-DS7216HGHI-M1_S_.jpg
653.0,DVR 16CH 1080P AUDIO BIDIR/ROSTRO 2HDD HK-iDS7216HQHI-M2/XT,920.0,HK-iDS7216HQHI-M2/XT,Unidades,DVR,HK-iDS7216HQHI-M2_XT.jpg,http://localhost:3000/uploads/HK-iDS7216HQHI-M2_XT.jpg
1184.0,DVR 16CH 5MP AUD/ROST 2HDD HK-IDS7216HUHI-M2/X,1384.0,HK-IDS7216HUHI-M2/X,Unidades,DVR,HK-IDS7216HUHI-M2_X.jpg,http://localhost:3000/uploads/HK-IDS7216HUHI-M2_X.jpg
1180.0,DVR 16CH 5MP AUDIO 2HDD HK-IDS7216HUHI-M2(S),1380.0,HK-IDS7216HUHI-M2(S),Unidades,DVR,HK-IDS7216HUHI-M2_S_.jpg,http://localhost:3000/uploads/HK-IDS7216HUHI-M2_S_.jpg
1245.0,DVR 32CH 1080P AUDIO 2HDD HK-iDS7232HQHI-M2/S,1620.0,HK-iDS7232HQHI-M2/S,Unidades,DVR,HK-iDS7232HQHI-M2_S.jpg,http://localhost:3000/uploads/HK-iDS7232HQHI-M2_S.jpg
207.0,DVR 4CH 1080P 1HDD AUDIO/ANALITICA HK-iDS7204HQHI-M1/XT,300.0,HK-iDS7204HQHI-M1/XT,Unidades,DVR,HK-iDS7204HQHI-M1_XT.jpg,http://localhost:3000/uploads/HK-iDS7204HQHI-M1_XT.jpg
211.0,DVR 4CH 1080P 1HDD AUDIO/RECON FACIAL HK-iDS7204HQHI-M1/FA,300.0,HK-iDS7204HQHI-M1/FA,Unidades,DVR,HK-iDS7204HQHI-M1_FA.jpg,http://localhost:3000/uploads/HK-iDS7204HQHI-M1_FA.jpg
397.0,DVR 4CH 5MP AUDIO/RECONOC FACIAL HK-iDS7204HUHI-M1/FA,556.0,HK-iDS7204HUHI-M1/FA,Unidades,DVR,HK-iDS7204HUHI-M1_FA.jpg,http://localhost:3000/uploads/HK-iDS7204HUHI-M1_FA.jpg
132.0,DVR 4CH 720P 1 HDD AUDIO HK-DS7204HGHI-M1/S,185.0,HK-DS7204HGHI-M1/S,Unidades,DVR,HK-DS7204HGHI-M1_S.jpg,http://localhost:3000/uploads/HK-DS7204HGHI-M1_S.jpg
162.0,DVR 8CH 1080P 1 HDD C/AUDIO HK-DS7208HGHI-M1,230.0,HK-DS7208HGHI-M1,Unidades,DVR,HK-DS7208HGHI-M1.jpg,http://localhost:3000/uploads/HK-DS7208HGHI-M1.jpg
315.0,DVR 8CH 5MP 1080P ACUSENSE 1HDD CON ANALITICA HK-IDS7208HQHI-M1/XT,440.0,HK-IDS7208HQHI-M1/XT,Unidades,DVR,HK-IDS7208HQHI-M1_XT.jpg,http://localhost:3000/uploads/HK-IDS7208HQHI-M1_XT.jpg
430.0,DVR 8CH 5MP 1080P ACUSENSE 1HDD CON ANALITICA HK-IDS7208HUHI-M1/X,610.0,HK-IDS7208HUHI-M1/X,Unidades,DVR,HK-IDS7208HUHI-M1_X.jpg,http://localhost:3000/uploads/HK-IDS7208HUHI-M1_X.jpg
0.0,EC-KIT HR10000-1ZONA-220V),560.0,EC-KIT HR10000,Unidades,SERCO ELECTRICO,EC-KIT_HR10000.jpg,http://localhost:3000/uploads/EC-KIT_HR10000.jpg
0.0,ECU-C  UNIDAD COMUNICACION -APSYSTEMS,1000.0,,Unidades,MICROINVERSOR,ECU-C_UNIDAD_COMUNICACION_-APSYSTEMS.jpg,http://localhost:3000/uploads/ECU-C_UNIDAD_COMUNICACION_-APSYSTEMS.jpg
0.0,ENERGIZADOR  GANADERO 2.5J - 20KM HG-TAURUX-20K,780.0,HG-TAURUX-20K,Unidades,SERCO ELECTRICO,HG-TAURUX-20K.jpg,http://localhost:3000/uploads/HG-TAURUX-20K.jpg
1500.0,ESTABILIZAODR 10K.V.A.,1800.0,,Unidades,ALARMA RISCO,ESTABILIZAODR_10K.V.A..jpg,http://localhost:3000/uploads/ESTABILIZAODR_10K.V.A..jpg
626.77,ESTRCTRA 4 PNLS 144c 15º Inclinada Falcat,880.0,,Unidades,ESTRUCTURA,ESTRCTRA_4_PNLS_144c_15_Inclinada_Falcat.jpg,http://localhost:3000/uploads/ESTRCTRA_4_PNLS_144c_15_Inclinada_Falcat.jpg
1700.0,ESTRUCTURA ANGULAR PESADA   DE ALUMINIO X 8 PANEL SOLAR (2X4),2500.0,,Unidades,ESTRUCTURA,ESTRUCTURA_ANGULAR_PESADA_DE_ALUMINIO_X_8_PANEL_SOLAR_2X4_.jpg,http://localhost:3000/uploads/ESTRUCTURA_ANGULAR_PESADA_DE_ALUMINIO_X_8_PANEL_SOLAR_2X4_.jpg
130.0,ESTRUCTURA PARA PANEL,150.0,,Unidades,ESTRUCTURA,ESTRUCTURA_PARA_PANEL.jpg,http://localhost:3000/uploads/ESTRUCTURA_PARA_PANEL.jpg
0.0,ESTRUCTURA PARA POSTE PV(TIPO GABINETE),60.0,,Unidades,ESTRUCTURA,ESTRUCTURA_PARA_POSTE_PV_TIPO_GABINETE_.jpg,http://localhost:3000/uploads/ESTRUCTURA_PARA_POSTE_PV_TIPO_GABINETE_.jpg
1250.0,ESTRUCTUTA COMPLETA PÓSTE PV+SOPORTE PARA PANEL (INCLUYE ANCLAJE),1500.0,,Unidades,ALARMA RISCO,ESTRUCTUTA_COMPLETA_P_STE_PV_SOPORTE_PARA_PANEL_INCLUYE_ANCL.jpg,http://localhost:3000/uploads/ESTRUCTUTA_COMPLETA_P_STE_PV_SOPORTE_PARA_PANEL_INCLUYE_ANCL.jpg
0.0,"ESTRUCTUTA PARA PANELES (PÓSTE GALVANIZADO + SOPORTE H EN ANGULO 5/8, INCLUYE ANCLAJE)",1500.0,,Unidades,ALARMA RISCO,ESTRUCTUTA_PARA_PANELES_P_STE_GALVANIZADO_SOPORTE_H_EN_ANGUL.jpg,http://localhost:3000/uploads/ESTRUCTUTA_PARA_PANELES_P_STE_GALVANIZADO_SOPORTE_H_EN_ANGUL.jpg
235.0,ET112 MONITOR DE ENERGIA MONOFASICO,350.0,,Unidades,SMART METER,ET112_MONITOR_DE_ENERGIA_MONOFASICO.jpg,http://localhost:3000/uploads/ET112_MONITOR_DE_ENERGIA_MONOFASICO.jpg
87.7,EZVIZ  CAM IP INT WIFI 1080P (13-17GB/D),124.9,CS-H1C,Unidades,CAM INALAMBRICAS,CS-H1C.jpg,http://localhost:3000/uploads/CS-H1C.jpg
197.0,EZVIZ CAM IP EXT 5MP 3K WIFI (31-41GB/D),264.9,CS-H3C-R100-1J5WKFL,Unidades,CAM INALAMBRICAS,CS-H3C-R100-1J5WKFL.jpg,http://localhost:3000/uploads/CS-H3C-R100-1J5WKFL.jpg
202.22,EZVIZ CAM IP EXT 5MP 3K WIFI (31-41GB/D),284.9,CS-H3-R100-1J5WKFL,Unidades,CAM INALAMBRICAS,CS-H3-R100-1J5WKFL.jpg,http://localhost:3000/uploads/CS-H3-R100-1J5WKFL.jpg
231.4,EZVIZ CAM IP PT LENTE DUAL EXTERIOR 6MP 2K (38-51GB/D),304.9,CS-H9C-R100-8H33WKFL,Unidades,CAM INALAMBRICAS,CS-H9C-R100-8H33WKFL.jpg,http://localhost:3000/uploads/CS-H9C-R100-8H33WKFL.jpg
149.8,EZVIZ CAM IP WIFI 2MP INT BATERIA  CS-CB1,204.9,CS-CB1,Unidades,CAM INALAMBRICAS,CS-CB1.jpg,http://localhost:3000/uploads/CS-CB1.jpg
88.5,EZVIZ CAM IP WIFI 2MP INTER RJ45 (13-17GB/D),129.9,CS-H6C-R105-1L2WF,Unidades,CAM INALAMBRICAS,CS-H6C-R105-1L2WF.jpg,http://localhost:3000/uploads/CS-H6C-R105-1L2WF.jpg
125.8,EZVIZ CAM IP WIFI 2MP PT EXT RJ45 (13-17GB/D),179.9,CS-H8C-R100-1K2WKFL,Unidades,CAM INALAMBRICAS,CS-H8C-R100-1K2WKFL.jpg,http://localhost:3000/uploads/CS-H8C-R100-1K2WKFL.jpg
447.28,EZVIZ CAM IP WIFI 3MP EXT CON BATERIA Y PANEL (19-26GB/D),644.9,CS-CB8-3MP,Unidades,CAM INALAMBRICAS,CS-CB8-3MP.jpg,http://localhost:3000/uploads/CS-CB8-3MP.jpg
417.0,EZVIZ CAM IP WIFI 4MP EXT CON ILUMINADOR,437.0,CS-LC3-A0-8B4WDL,Unidades,CAM INALAMBRICAS,CS-LC3-A0-8B4WDL.jpg,http://localhost:3000/uploads/CS-LC3-A0-8B4WDL.jpg
180.12,EZVIZ CAM IP WIFI 4MP PARA EXT RJ45 (25-33GB/D),239.9,CS-H8C-R100-1J4WKFL,Unidades,CAM INALAMBRICAS,CS-H8C-R100-1J4WKFL.jpg,http://localhost:3000/uploads/CS-H8C-R100-1J4WKFL.jpg
164.5,EZVIZ CAM IP WIFI 5MP INTER RJ45 (31GB-41GB/D),204.9,CS-H6C-R105-1J5WF,Unidades,CAM INALAMBRICAS,CS-H6C-R105-1J5WF.jpg,http://localhost:3000/uploads/CS-H6C-R105-1J5WF.jpg
148.3,EZVIZ IP EXT 3MP RJ45 2K (19-26GB/D),194.9,CS-H3C-R100-1K3WKFL,Unidades,CAM INALAMBRICAS,CS-H3C-R100-1K3WKFL.jpg,http://localhost:3000/uploads/CS-H3C-R100-1K3WKFL.jpg
174.8,EZVIZ IP PT EXT 3MP WIFI (19-26GB/D),229.9,CS-H8C-R200-1K3WKFL,Unidades,CAM INALAMBRICAS,CS-H8C-R200-1K3WKFL.jpg,http://localhost:3000/uploads/CS-H8C-R200-1K3WKFL.jpg
214.0,EZVIZ IP PT EXT 5MP WIFI CS-H8C-R200-1J5WKFL,270.0,,Unidades,CAM INALAMBRICAS,EZVIZ_IP_PT_EXT_5MP_WIFI_CS-H8C-R200-1J5WKFL.jpg,http://localhost:3000/uploads/EZVIZ_IP_PT_EXT_5MP_WIFI_CS-H8C-R200-1J5WKFL.jpg
107.4,EZVIZ IP PT INTER 3MP WIFI,154.9,CS-H6C-R105-1L3WF,Unidades,CAM INALAMBRICAS,CS-H6C-R105-1L3WF.jpg,http://localhost:3000/uploads/CS-H6C-R105-1L3WF.jpg
245.0,EZVIZ IP PT LENTE DUAL EXT 10MP RJ45,329.9,CS-H9C-R100-8G55WKFL,Unidades,CAM INALAMBRICAS,CS-H9C-R100-8G55WKFL.jpg,http://localhost:3000/uploads/CS-H9C-R100-8G55WKFL.jpg
291.7,EZVIZ IP PT LENTE DUAL EXTERIOR 8MP WIFI RJ45,384.9,CS-H90-R100-8H44WKFL,Unidades,CAM INALAMBRICAS,CS-H90-R100-8H44WKFL.jpg,http://localhost:3000/uploads/CS-H90-R100-8H44WKFL.jpg
164.4,EZVIZ IP PT LENTE DUAL INTERIOR 8MP WIFI RJ45,219.9,CS-H7C-R100-8G44WF,Unidades,CAM INALAMBRICAS,CS-H7C-R100-8G44WF.jpg,http://localhost:3000/uploads/CS-H7C-R100-8G44WF.jpg
560.0,EZVIZ KIT CAMARA IP PT 2K EXTERIOR 4G + PANEL SOLAR,730.0,CS-EB8-R100(3MP) + PANEL SOLAR,Unidades,CAM INALAMBRICAS,CS-EB8-R100_3MP_PANEL_SOLAR.jpg,http://localhost:3000/uploads/CS-EB8-R100_3MP_PANEL_SOLAR.jpg
157.0,EZVIZ NVR 8 WIFI SIN DISCO DURO-CS-X5S-8W,240.0,,Unidades,NVR,EZVIZ_NVR_8_WIFI_SIN_DISCO_DURO-CS-X5S-8W.jpg,http://localhost:3000/uploads/EZVIZ_NVR_8_WIFI_SIN_DISCO_DURO-CS-X5S-8W.jpg
110.0,Estructura Rupac COPLANAR 0° Coplanar  ,200.0,(L1-100MM),Unidades,ESTRUCTURA,_L1-100MM_.jpg,http://localhost:3000/uploads/_L1-100MM_.jpg
2.1,FACE PLATE DE 2 PUERTOS,4.0,,Unidades,NETWORKING,FACE_PLATE_DE_2_PUERTOS.jpg,http://localhost:3000/uploads/FACE_PLATE_DE_2_PUERTOS.jpg
63.0,FIRE LITE- EST MANUAL SIMPLE ACCION CONV. FL-BG-12SL,75.0,,Unidades,INCENDIO,FIRE_LITE-_EST_MANUAL_SIMPLE_ACCION_CONV._FL-BG-12SL.jpg,http://localhost:3000/uploads/FIRE_LITE-_EST_MANUAL_SIMPLE_ACCION_CONV._FL-BG-12SL.jpg
87.0,FIRE-LITE EST. MANUAL CONVENCIONAL DOBLE ACCION,110.0,,Unidades,INCENDIO,FIRE-LITE_EST._MANUAL_CONVENCIONAL_DOBLE_ACCION.jpg,http://localhost:3000/uploads/FIRE-LITE_EST._MANUAL_CONVENCIONAL_DOBLE_ACCION.jpg
0.0,FUENT PR CMR 12V/1.5A,18.0,ZK-PSU1210-D,Unidades,MATERIALES PARA INSTALACION,ZK-PSU1210-D.jpg,http://localhost:3000/uploads/ZK-PSU1210-D.jpg
82.0,FUENTE PARA 18CH CON GABINETE METALICO 12VDC/20AMP,110.0,,Unidades,CAMARAS ANALOGAS,FUENTE_PARA_18CH_CON_GABINETE_METALICO_12VDC_20AMP.jpg,http://localhost:3000/uploads/FUENTE_PARA_18CH_CON_GABINETE_METALICO_12VDC_20AMP.jpg
82.0,FUENTE PARA 18CH CON GABINETE METALICO 12VDC/20AMP- ZK-20A-18CH,110.0,,Unidades,CAMARAS ANALOGAS,FUENTE_PARA_18CH_CON_GABINETE_METALICO_12VDC_20AMP-_ZK-20A-1.jpg,http://localhost:3000/uploads/FUENTE_PARA_18CH_CON_GABINETE_METALICO_12VDC_20AMP-_ZK-20A-1.jpg
0.0,GABINETE DE 10 RU,460.0,,Unidades,GABINETES,GABINETE_DE_10_RU.jpg,http://localhost:3000/uploads/GABINETE_DE_10_RU.jpg
140.0,GABINETE METALICO -KIT SOLAR,150.0,,Unidades,CABLES PARA PANEL SOLAR,GABINETE_METALICO_-KIT_SOLAR.jpg,http://localhost:3000/uploads/GABINETE_METALICO_-KIT_SOLAR.jpg
130.0,GABINETE METALICO IP66 30CM X 40CM X 20CM TALERO 30X40X20,180.0,,Unidades,ALARMA RISCO,GABINETE_METALICO_IP66_30CM_X_40CM_X_20CM_TALERO_30X40X20.jpg,http://localhost:3000/uploads/GABINETE_METALICO_IP66_30CM_X_40CM_X_20CM_TALERO_30X40X20.jpg
916.0,GXTouch50,1191.0,GXTouch50,Unidades,PANELES,GXTouch50.jpg,http://localhost:3000/uploads/GXTouch50.jpg
45.0,HAGROY SENSOR DE HUMO,72.0,HG-SDM4/2,Unidades,INCENDIO,HG-SDM4_2.jpg,http://localhost:3000/uploads/HG-SDM4_2.jpg
33.0,HAGROY SENSOR DE HUMO CONVENCIONAL CON BASE  SDM4/2,54.0,,Unidades,INCENDIO,HAGROY_SENSOR_DE_HUMO_CONVENCIONAL_CON_BASE_SDM4_2.jpg,http://localhost:3000/uploads/HAGROY_SENSOR_DE_HUMO_CONVENCIONAL_CON_BASE_SDM4_2.jpg
25.0,HAGROY SENSOR DE TEMPERATURA CONVENCIONAL  - 57ºC 2-4 hilos con base,40.0,HG-DT503,Unidades,INCENDIO,HG-DT503.jpg,http://localhost:3000/uploads/HG-DT503.jpg
62.0,HAGROY SIRENA CON LUZ ESTROBO EPA-183B,85.0,EPA-183B,Unidades,INCENDIO,EPA-183B.jpg,http://localhost:3000/uploads/EPA-183B.jpg
0.0,HG ABZDR DE LNA ANLLO GRSO,1.2,HG-A101,Unidades,SERCO ELECTRICO,HG-A101.jpg,http://localhost:3000/uploads/HG-A101.jpg
66.0,HG ALAMBRE ACERADO 2.5MM X 5 KG,110.0,,Unidades,SERCO ELECTRICO,HG_ALAMBRE_ACERADO_2.5MM_X_5_KG.jpg,http://localhost:3000/uploads/HG_ALAMBRE_ACERADO_2.5MM_X_5_KG.jpg
16.0,HG ALMBR GALVANIZADO  16MM X KILO ALTA CALIDAD CERCO,30.0,HG-BCC165,Unidades,SERCO ELECTRICO,HG-BCC165.jpg,http://localhost:3000/uploads/HG-BCC165.jpg
0.0,HG ARO DBL INTMDO,3.0,HG-147,Unidades,SERCO ELECTRICO,HG-147.jpg,http://localhost:3000/uploads/HG-147.jpg
0.0,HG ARO SIMPLE,1.5,HG-188,Unidades,SERCO ELECTRICO,HG-188.jpg,http://localhost:3000/uploads/HG-188.jpg
0.0,HG ASLDR INTMDO BV,1.5,HG-BV,Unidades,SERCO ELECTRICO,HG-BV.jpg,http://localhost:3000/uploads/HG-BV.jpg
0.0,HG ASLDR TMPDR CUADD,3.0,HG-AC,Unidades,SERCO ELECTRICO,HG-AC.jpg,http://localhost:3000/uploads/HG-AC.jpg
0.0,HG ASLDR TMPDR HZ,3.5,HG-HZ3,Unidades,SERCO ELECTRICO,HG-HZ3.jpg,http://localhost:3000/uploads/HG-HZ3.jpg
0.0,HG BTRA 4AMP-12V,50.0,PS4-12,Unidades,SERCO ELECTRICO,PS4-12.jpg,http://localhost:3000/uploads/PS4-12.jpg
0.0,HG BTRA 7AMP-12V,72.0,PS7-12,Unidades,SERCO ELECTRICO,PS7-12.jpg,http://localhost:3000/uploads/PS7-12.jpg
0.0,HG CABLE BUJIA 50M,182.0,HG-B1R50,Unidades,SERCO ELECTRICO,HG-B1R50.jpg,http://localhost:3000/uploads/HG-B1R50.jpg
0.0,HG ELCTFCDR RSDNCL XPOWER I8,342.0,"1,500MTS",Unidades,SERCO ELECTRICO,1_500MTS.jpg,http://localhost:3000/uploads/1_500MTS.jpg
0.0,HG ELCTFCDR XPOWER i10,376.0,1500MTS,Unidades,SERCO ELECTRICO,1500MTS.jpg,http://localhost:3000/uploads/1500MTS.jpg
0.0,HG ELCTFCDR XPOWER i12,461.0,3500MTS,Unidades,SERCO ELECTRICO,3500MTS.jpg,http://localhost:3000/uploads/3500MTS.jpg
0.0,HG ELCTFCDR YANEX800-220 / 800mts,257.0,HG-YANEX800-220,Unidades,SERCO ELECTRICO,HG-YANEX800-220.jpg,http://localhost:3000/uploads/HG-YANEX800-220.jpg
0.0,HG KIT ELECTFCDR YANEX 800,364.0,KIT-HG-YANEX-WIFI,Unidades,SERCO ELECTRICO,KIT-HG-YANEX-WIFI.jpg,http://localhost:3000/uploads/KIT-HG-YANEX-WIFI.jpg
370.0,HG KIT XPOWER I8 : Electrificador  / Batería 12v x 4amp / Sirena de 30w / Letrero de advertencia HAGROY,590.0,,Unidades,SERCO ELECTRICO,HG_KIT_XPOWER_I8_Electrificador_Bater_a_12v_x_4amp_Sirena_de.jpg,http://localhost:3000/uploads/HG_KIT_XPOWER_I8_Electrificador_Bater_a_12v_x_4amp_Sirena_de.jpg
370.0,HG KIT XPOWER i10 ELECTRIFICADOR :  Batería 12v x 4amp / Sirena de 30w / Letrero de advertencia HAGROY,590.0,,Unidades,SERCO ELECTRICO,HG_KIT_XPOWER_i10_ELECTRIFICADOR_Bater_a_12v_x_4amp_Sirena_d.jpg,http://localhost:3000/uploads/HG_KIT_XPOWER_i10_ELECTRIFICADOR_Bater_a_12v_x_4amp_Sirena_d.jpg
0.0,HG LTRO DE ADVTNCA,5.0,HG-LTP-2,Unidades,SERCO ELECTRICO,HG-LTP-2.jpg,http://localhost:3000/uploads/HG-LTP-2.jpg
0.0,HG MDL WIFI WZRD,138.0,HG-WIZARD-RF,Unidades,SERCO ELECTRICO,HG-WIZARD-RF.jpg,http://localhost:3000/uploads/HG-WIZARD-RF.jpg
221.0,HG PANEL INCENDIO  5 ZONAS -PTFIRE5-220 HAGROY,350.0,,Unidades,INCENDIO,HG_PANEL_INCENDIO_5_ZONAS_-PTFIRE5-220_HAGROY.jpg,http://localhost:3000/uploads/HG_PANEL_INCENDIO_5_ZONAS_-PTFIRE5-220_HAGROY.jpg
0.0,HG PLSDR INA 4 TCLS,34.0,HG-H4KB-100M,Unidades,SERCO ELECTRICO,HG-H4KB-100M.jpg,http://localhost:3000/uploads/HG-H4KB-100M.jpg
0.0,HG PLSDR INA 4 TCLS,51.0,HG-H4KB-500M,Unidades,SERCO ELECTRICO,HG-H4KB-500M.jpg,http://localhost:3000/uploads/HG-H4KB-500M.jpg
0.0,HG PST INTMDO,25.0,POS-I,Unidades,SERCO ELECTRICO,POS-I.jpg,http://localhost:3000/uploads/POS-I.jpg
0.0,HG PST TMPDR,25.0,POS-T,Unidades,SERCO ELECTRICO,POS-T.jpg,http://localhost:3000/uploads/POS-T.jpg
0.0,HG RGTN 1 ½,1.0,HG-112,Unidades,SERCO ELECTRICO,HG-112.jpg,http://localhost:3000/uploads/HG-112.jpg
0.0,HG SNSR DE FXON,33.0,HG-FE,Unidades,SERCO ELECTRICO,HG-FE.jpg,http://localhost:3000/uploads/HG-FE.jpg
0.0,HG YANEX-WIFI,595.0,HG-YANEX-WIFI,Unidades,SERCO ELECTRICO,HG-YANEX-WIFI.jpg,http://localhost:3000/uploads/HG-YANEX-WIFI.jpg
117.7,HK 12 BOTONES MODELO PR VDOPRTR,140.0,HK-DS-KD-K12,Unidades,INTERCOMUNICADORES,HK-DS-KD-K12.jpg,http://localhost:3000/uploads/HK-DS-KD-K12.jpg
94.77,HK 6 BTNS MDL PR VDOPRTR,115.0,HK-DS-KD-KK,Unidades,INTERCOMUNICADORES,HK-DS-KD-KK.jpg,http://localhost:3000/uploads/HK-DS-KD-KK.jpg
156.0,HK CAM EXT  IP 2MP WIFI-  IR 10M 2.8MM HK-DS2CV2021G2-IDW,200.0,,Unidades,CAM INALAMBRICAS,HK_CAM_EXT_IP_2MP_WIFI-_IR_10M_2.8MM_HK-DS2CV2021G2-IDW.jpg,http://localhost:3000/uploads/HK_CAM_EXT_IP_2MP_WIFI-_IR_10M_2.8MM_HK-DS2CV2021G2-IDW.jpg
165.20000000000002,HK CAM EXT  IP 4MP WIFI- HK-DS2CV2041G2-IDW,235.0,,Unidades,CAM INALAMBRICAS,HK_CAM_EXT_IP_4MP_WIFI-_HK-DS2CV2041G2-IDW.jpg,http://localhost:3000/uploads/HK_CAM_EXT_IP_4MP_WIFI-_HK-DS2CV2041G2-IDW.jpg
131.0,HK CAM IP WIFI 2MP MINI TARJETA SD RJ45 HK-DS2CV2Q21FD-IW,170.0,HK-DS2CV2Q21FD-IW,Unidades,CAM INALAMBRICAS,HK-DS2CV2Q21FD-IW.jpg,http://localhost:3000/uploads/HK-DS2CV2Q21FD-IW.jpg
367.0,HK CNTL ACC Y ASIST EXT TRJT IP65 WIFI BLUE,514.0,HK-DS-K1T805MBFWX,Unidades,ACC Y ASIST.,HK-DS-K1T805MBFWX.jpg,http://localhost:3000/uploads/HK-DS-K1T805MBFWX.jpg
252.0,HK DS-K1T320EFWX-B C. ACCESO ASISTENCIA WIFI C/BATERIA,300.0,HK-DS-K1T320EFWX-B,Unidades,ACC Y ASIST.,HK-DS-K1T320EFWX-B.jpg,http://localhost:3000/uploads/HK-DS-K1T320EFWX-B.jpg
238.0,HK DS-K1T321EFWX-B C. ACC ASIST CON WIFI Y BATERIA,333.0,HK-DS-K1T321EFWX-B,Unidades,ACC Y ASIST.,HK-DS-K1T321EFWX-B.jpg,http://localhost:3000/uploads/HK-DS-K1T321EFWX-B.jpg
469.0,HK DS-K1T342EX-PE C. ACC ASIST EXT PoE AUDIO BIDIREC,657.0,HK-DS-K1T342EX-PE,Unidades,ACC Y ASIST.,HK-DS-K1T342EX-PE.jpg,http://localhost:3000/uploads/HK-DS-K1T342EX-PE.jpg
334.0,HK DS-K1T343EX AUDIO BIDIRECCIONAL-ROSTROS- TARJETAS EM,468.0,HK-DS-K1T343EX,Unidades,ACC Y ASIST.,HK-DS-K1T343EX.jpg,http://localhost:3000/uploads/HK-DS-K1T343EX.jpg
97.0,HK IP 2MP WIFI RJ45 HK-DS2CV2Q21G1-IDW,130.0,HK-DS2CV2Q21G1-IDW,Unidades,CAM INALAMBRICAS,HK-DS2CV2Q21G1-IDW.jpg,http://localhost:3000/uploads/HK-DS2CV2Q21G1-IDW.jpg
30.0,HK SENSOR DE HUMO CABLEADO 4 HILOS HK-DS-PDSMK-4,43.0,HK-DS-PDSMK-4,Unidades,INCENDIO,HK-DS-PDSMK-4.jpg,http://localhost:3000/uploads/HK-DS-PDSMK-4.jpg
86.0,HK SENSOR PIR INA HK-DS-PDP15P-EG2-WB,126.0,HK-DS-PDP15P-EG2-WB,Unidades,ALARMA,HK-DS-PDP15P-EG2-WB.jpg,http://localhost:3000/uploads/HK-DS-PDP15P-EG2-WB.jpg
45.0,HK SIRENA CBD CON LUZ HK-DS-PS1-R,65.0,HK-DS-PS1-R,Unidades,ALARMA,HK-DS-PS1-R.jpg,http://localhost:3000/uploads/HK-DS-PS1-R.jpg
195.0,HK SIRENA EXT INA HK-DS-PS1-E-WB,282.0,HK-DS-PS1-E-WB,Unidades,ALARMA,HK-DS-PS1-E-WB.jpg,http://localhost:3000/uploads/HK-DS-PS1-E-WB.jpg
117.0,HK SIRENA INT INA HK-DS-PS1-I-WB,173.0,HK-DS-PS1-I-WB,Unidades,ALARMA,HK-DS-PS1-I-WB.jpg,http://localhost:3000/uploads/HK-DS-PS1-I-WB.jpg
550.0,HK-DS-2CFSP8-D/4G  CAMARA DOBLE LENTE 4G DE 4MP+4MP IR30M C/PANEL SOLAR 8W Y BATERIA 9000mAh,750.0,,Unidades,CAMARAS IP,HK-DS-2CFSP8-D_4G_CAMARA_DOBLE_LENTE_4G_DE_4MP_4MP_IR30M_C_P.jpg,http://localhost:3000/uploads/HK-DS-2CFSP8-D_4G_CAMARA_DOBLE_LENTE_4G_DE_4MP_4MP_IR30M_C_P.jpg
50.0,HK-DS-PKF1-WB PULSADOR INALAMBRICO DE ARMADO Y DESARMADO,70.0,HK-DS-PKF1-WB,Unidades,ALARMA,HK-DS-PKF1-WB.jpg,http://localhost:3000/uploads/HK-DS-PKF1-WB.jpg
2.5,HK-FM11RF08-M1 TARJETA PROXIMIDAD MIFARE,3.0,HK-FM11RF08-M1,Unidades,ACC Y ASIST.,HK-FM11RF08-M1.jpg,http://localhost:3000/uploads/HK-FM11RF08-M1.jpg
590.0,HK-KIT CAM PTZ  SOLAR 4G IP 4MP P/EXTERIOR CON PANEL SOLAR- HK-DS2DE2C400IWG-K/4G,750.0,,Unidades,CAM INALAMBRICAS,HK-KIT_CAM_PTZ_SOLAR_4G_IP_4MP_P_EXTERIOR_CON_PANEL_SOLAR-_H.jpg,http://localhost:3000/uploads/HK-KIT_CAM_PTZ_SOLAR_4G_IP_4MP_P_EXTERIOR_CON_PANEL_SOLAR-_H.jpg
0.0,Huawei LUNA 150KTL,52900.0,,Unidades,INVERSORES HIBRIDOS,Huawei_LUNA_150KTL.jpg,http://localhost:3000/uploads/Huawei_LUNA_150KTL.jpg
0.0,Huawei SUN2000-40KTL M3,21300.0,INVERSOR TRIFASICO HUAWEI,Unidades,INVERSORES,INVERSOR_TRIFASICO_HUAWEI.jpg,http://localhost:3000/uploads/INVERSOR_TRIFASICO_HUAWEI.jpg
0.0,Huawei Smart Meeter Energy Meter,720.0,DTUS666-H 14250A,Unidades,SMART METER,DTUS666-H_14250A.jpg,http://localhost:3000/uploads/DTUS666-H_14250A.jpg
0.0,INIM 8 Z MODELO DE EXPANSION,220.0,SMARTLINE/8Z,Unidades,INCENDIO,SMARTLINE_8Z.jpg,http://localhost:3000/uploads/SMARTLINE_8Z.jpg
565.0,INIM PANEL CONVENCONAL 4 ZONAS SMARTLINE  EXPANDIBLE A 20 ZONAS,795.0,SMARTLINE020-4,Unidades,INCENDIO,SMARTLINE020-4.jpg,http://localhost:3000/uploads/SMARTLINE020-4.jpg
285.0,INTERFAZ ENLACE MK3-USB  VICTRON ENERGY,450.0,,Unidades,CONTROLADORES,INTERFAZ_ENLACE_MK3-USB_VICTRON_ENERGY.jpg,http://localhost:3000/uploads/INTERFAZ_ENLACE_MK3-USB_VICTRON_ENERGY.jpg
18.0,INTERRUPTOR TERMOMAGNETICO AC 16A,25.0,,Unidades,CONTROLADORES,INTERRUPTOR_TERMOMAGNETICO_AC_16A.jpg,http://localhost:3000/uploads/INTERRUPTOR_TERMOMAGNETICO_AC_16A.jpg
880.0,INV 24V 3000W /  INVERSOR GOSPOWER,1550.0,,Unidades,INVERSORES HIBRIDOS,INV_24V_3000W_INVERSOR_GOSPOWER.jpg,http://localhost:3000/uploads/INV_24V_3000W_INVERSOR_GOSPOWER.jpg
120.0,INVERSOR  ONDA MODIFICADA 12V 600W,250.0,,Unidades,INVERSORES,INVERSOR_ONDA_MODIFICADA_12V_600W.jpg,http://localhost:3000/uploads/INVERSOR_ONDA_MODIFICADA_12V_600W.jpg
3859.41,INVERSOR 10KW MONOFÁSICO,5410.0,GW10K-MS-30,Unidades,INVERSORES HIBRIDOS,GW10K-MS-30.jpg,http://localhost:3000/uploads/GW10K-MS-30.jpg
4913.83,INVERSOR 12KW TRIFÁSICO GOODWE,6880.0,GW12KLVSDT-C30,Unidades,INVERSORES HIBRIDOS,GW12KLVSDT-C30.jpg,http://localhost:3000/uploads/GW12KLVSDT-C30.jpg
5676.45,INVERSOR 17KW TRIFÁSICO,7950.0,GW17KLVSDT-C30,Unidades,ALARMA RISCO,GW17KLVSDT-C30.jpg,http://localhost:3000/uploads/GW17KLVSDT-C30.jpg
6570.88,INVERSOR 23KW TRIFÁSICO,9200.0,GW23KLVSDT-BR30,Unidades,INVERSORES HIBRIDOS,GW23KLVSDT-BR30.jpg,http://localhost:3000/uploads/GW23KLVSDT-BR30.jpg
150.0,INVERSOR 24/1000 MOD. DOOHAM,380.0,INV 24/1000 DOOHAM,Unidades,INVERSORES,INV_24_1000_DOOHAM.jpg,http://localhost:3000/uploads/INV_24_1000_DOOHAM.jpg
1393.96,INVERSOR 25K-S5-GC 380V SOLIS,17000.0,,Unidades,ALARMA RISCO,INVERSOR_25K-S5-GC_380V_SOLIS.jpg,http://localhost:3000/uploads/INVERSOR_25K-S5-GC_380V_SOLIS.jpg
0.0,INVERSOR CARGADOR 24V 3200VA,1950.0,,Unidades,INVERSORES DE RED,INVERSOR_CARGADOR_24V_3200VA.jpg,http://localhost:3000/uploads/INVERSOR_CARGADOR_24V_3200VA.jpg
2075.69,INVERSOR DE BOMBEO SOLAR 3HP HSPH2200L,2387.0,,Unidades,BOMBAS,INVERSOR_DE_BOMBEO_SOLAR_3HP_HSPH2200L.jpg,http://localhost:3000/uploads/INVERSOR_DE_BOMBEO_SOLAR_3HP_HSPH2200L.jpg
1000.0,INVERSOR DE RED APSYSTEMS YC600,1250.0,YC600,Unidades,MICROINVERSOR,YC600.jpg,http://localhost:3000/uploads/YC600.jpg
0.0,INVERSOR DE RED FRONIUS 2KW,3500.0,,Unidades,INVERSORES DE RED,INVERSOR_DE_RED_FRONIUS_2KW.jpg,http://localhost:3000/uploads/INVERSOR_DE_RED_FRONIUS_2KW.jpg
2500.0,INVERSOR DE RED FRONIUS 5KW,5500.0,,Unidades,INVERSORES DE RED,INVERSOR_DE_RED_FRONIUS_5KW.jpg,http://localhost:3000/uploads/INVERSOR_DE_RED_FRONIUS_5KW.jpg
2000.0,INVERSOR DE RED GOODWE 1000W - 1300W,3000.0,,Unidades,INVERSORES DE RED,INVERSOR_DE_RED_GOODWE_1000W_-_1300W.jpg,http://localhost:3000/uploads/INVERSOR_DE_RED_GOODWE_1000W_-_1300W.jpg
0.0,INVERSOR HOBER ‐HSPH1500L ‐ HASTA 2 HP,2608.0,,Unidades,BOMBAS,INVERSOR_HOBER_HSPH1500L_HASTA_2_HP.jpg,http://localhost:3000/uploads/INVERSOR_HOBER_HSPH1500L_HASTA_2_HP.jpg
0.0,INVERSOR HOBER ‐HSPH2200L ‐ HASTA 3HP,2704.0,,Unidades,BOMBAS,INVERSOR_HOBER_HSPH2200L_HASTA_3HP.jpg,http://localhost:3000/uploads/INVERSOR_HOBER_HSPH2200L_HASTA_3HP.jpg
0.0,INVERSOR HOBER ‐HSPH5500H ‐ HASTA 7.5 HP,3580.0,,Unidades,BOMBAS,INVERSOR_HOBER_HSPH5500H_HASTA_7.5_HP.jpg,http://localhost:3000/uploads/INVERSOR_HOBER_HSPH5500H_HASTA_7.5_HP.jpg
0.0,INVERSOR HOBER ‐HSPH7500H ‐ HASTA 10 HP,3880.0,,Unidades,BOMBAS,INVERSOR_HOBER_HSPH7500H_HASTA_10_HP.jpg,http://localhost:3000/uploads/INVERSOR_HOBER_HSPH7500H_HASTA_10_HP.jpg
0.0,INVERSOR HOBER ‐HSPH750LB ‐ HASTA 1 HP,2336.0,,Unidades,BOMBAS,INVERSOR_HOBER_HSPH750LB_HASTA_1_HP.jpg,http://localhost:3000/uploads/INVERSOR_HOBER_HSPH750LB_HASTA_1_HP.jpg
0.0,INVERSOR NVS HYBRID SOLAR INVERTER 1500VA-1500W,600.0,,Unidades,INVERSORES HIBRIDOS,INVERSOR_NVS_HYBRID_SOLAR_INVERTER_1500VA-1500W.jpg,http://localhost:3000/uploads/INVERSOR_NVS_HYBRID_SOLAR_INVERTER_1500VA-1500W.jpg
0.0,INVERSOR NVS HYBRID SOLAR INVERTER 3000VA-3000W,1500.0,,Unidades,INVERSORES HIBRIDOS,INVERSOR_NVS_HYBRID_SOLAR_INVERTER_3000VA-3000W.jpg,http://localhost:3000/uploads/INVERSOR_NVS_HYBRID_SOLAR_INVERTER_3000VA-3000W.jpg
3000.0,INVERSOR PHOENIX SMART 24/2000,2800.0,24 / 2000,Unidades,INVERSORES,24_2000.jpg,http://localhost:3000/uploads/24_2000.jpg
2994.0,INVERSOR PHOENIX SMART 24/3000,3800.0,IP24‐3000S,Unidades,INVERSORES,IP24_3000S.jpg,http://localhost:3000/uploads/IP24_3000S.jpg
0.0,INVERSOR SOLIS 12KV,1.0,S6-EH3P(12-20)K-H,Unidades,INVERSORES DE RED,S6-EH3P_12-20_K-H.jpg,http://localhost:3000/uploads/S6-EH3P_12-20_K-H.jpg
9400.0,INVERSOR TRIFASICO SOLIS 12KW ALTO VOLTAJE,12400.0,,Unidades,INVERSORES HIBRIDOS,INVERSOR_TRIFASICO_SOLIS_12KW_ALTO_VOLTAJE.jpg,http://localhost:3000/uploads/INVERSOR_TRIFASICO_SOLIS_12KW_ALTO_VOLTAJE.jpg
0.0,INVERSOR TRIFASICO SOLIS 15 K,11507.0,SOLIS S5-GR3P15K,Unidades,INVERSORES HIBRIDOS,SOLIS_S5-GR3P15K.jpg,http://localhost:3000/uploads/SOLIS_S5-GR3P15K.jpg
0.0,INVERSOR VICTRON 24/250,510.0,,Unidades,ALARMA RISCO,INVERSOR_VICTRON_24_250.jpg,http://localhost:3000/uploads/INVERSOR_VICTRON_24_250.jpg
0.0,INVERSOR VICTRON PHOENIX 48/800,1600.0,,Unidades,ALARMA RISCO,INVERSOR_VICTRON_PHOENIX_48_800.jpg,http://localhost:3000/uploads/INVERSOR_VICTRON_PHOENIX_48_800.jpg
280.0,ITM INTERRUPTOR TERMOMAGNETICO 63A TETRAPOLAR CAJA MOLDEADA,450.0,,Unidades,ELECTRICIDAD,ITM_INTERRUPTOR_TERMOMAGNETICO_63A_TETRAPOLAR_CAJA_MOLDEADA.jpg,http://localhost:3000/uploads/ITM_INTERRUPTOR_TERMOMAGNETICO_63A_TETRAPOLAR_CAJA_MOLDEADA.jpg
8.4,JACK RJ45 CAT 6A,10.5,,Unidades,NETWORKING,JACK_RJ45_CAT_6A.jpg,http://localhost:3000/uploads/JACK_RJ45_CAT_6A.jpg
298.0,K14 PRO C. ACC ASIST HUELLA,388.0,K14 PRO,Unidades,ACC Y ASIST.,K14_PRO.jpg,http://localhost:3000/uploads/K14_PRO.jpg
353.0,K20 C. ACC ASIST HUELLA,460.0,K20 PRO,Unidades,ACC Y ASIST.,K20_PRO.jpg,http://localhost:3000/uploads/K20_PRO.jpg
395.0,K30 C. ACC ASIST HUELLA,514.0,K30 Pro,Unidades,ACC Y ASIST.,K30_Pro.jpg,http://localhost:3000/uploads/K30_Pro.jpg
0.0,K50 PRO TERMINAL DE TIEMPO Y SISTENCIA ZKTECO,365.0,K50 PRO,Unidades,ACC Y ASIST.,K50_PRO.jpg,http://localhost:3000/uploads/K50_PRO.jpg
620.0,KIT ALARMA 3G/4G 48 ZONAS HK-DS-PWA48-KIT-WB(LA),865.0,HK-DS-PWA48-KIT-WB(LA),Unidades,ALARMA,HK-DS-PWA48-KIT-WB_LA_.jpg,http://localhost:3000/uploads/HK-DS-PWA48-KIT-WB_LA_.jpg
326.65000000000003,"KIT ALARMA AX HOME HIKVISION -WIFI 16 ZONAS INC: PANEL, PIR, MAGN Y PULSADOR HK-DS-PA201P-KIT-16WB",430.0,HK-DS-PA201P-KIT-16WB,Unidades,ALARMA,HK-DS-PA201P-KIT-16WB.jpg,http://localhost:3000/uploads/HK-DS-PA201P-KIT-16WB.jpg
280.0,KIT ALARMA COMUNITARIA MPR-3,510.0,,Unidades,ALARMA,KIT_ALARMA_COMUNITARIA_MPR-3.jpg,http://localhost:3000/uploads/KIT_ALARMA_COMUNITARIA_MPR-3.jpg
330.77,KIT ALARMA WIFI 48 ZONAS,547.0,HK-DS-PWA48-KIT-WB,Unidades,ALARMA,HK-DS-PWA48-KIT-WB.jpg,http://localhost:3000/uploads/HK-DS-PWA48-KIT-WB.jpg
0.0,KIT CABLE BATERIA 1 X 4 AGW 1M + 02 TERMINAL CU,80.0,,Unidades,ALARMA RISCO,KIT_CABLE_BATERIA_1_X_4_AGW_1M_02_TERMINAL_CU.jpg,http://localhost:3000/uploads/KIT_CABLE_BATERIA_1_X_4_AGW_1M_02_TERMINAL_CU.jpg
0.0,"KIT CABLE BATERIA 4 AGW (ROJO 1m, NEGRO 1m, INCLUYE 04 TERMINALES CU)",80.0,,Unidades,ALARMA RISCO,KIT_CABLE_BATERIA_4_AGW_ROJO_1m_NEGRO_1m_INCLUYE_04_TERMINAL.jpg,http://localhost:3000/uploads/KIT_CABLE_BATERIA_4_AGW_ROJO_1m_NEGRO_1m_INCLUYE_04_TERMINAL.jpg
0.0,KIT CABLE FOTOVOLTAICO 4mm² (Rojo 8m y Negro 8m),144.0,,Unidades,ALARMA RISCO,KIT_CABLE_FOTOVOLTAICO_4mm_Rojo_8m_y_Negro_8m_.jpg,http://localhost:3000/uploads/KIT_CABLE_FOTOVOLTAICO_4mm_Rojo_8m_y_Negro_8m_.jpg
0.0,KIT CABLE FOTOVOLTAICO 8m Rojo y Negro 4mm²,144.0,,Unidades,ALARMA RISCO,KIT_CABLE_FOTOVOLTAICO_8m_Rojo_y_Negro_4mm_.jpg,http://localhost:3000/uploads/KIT_CABLE_FOTOVOLTAICO_8m_Rojo_y_Negro_4mm_.jpg
0.0,KIT CABLE SOLAR 1x4mm2  5m Rojo y Negro + MC4,100.0,,Unidades,CABLES PARA PANEL SOLAR,KIT_CABLE_SOLAR_1x4mm2_5m_Rojo_y_Negro_MC4.jpg,http://localhost:3000/uploads/KIT_CABLE_SOLAR_1x4mm2_5m_Rojo_y_Negro_MC4.jpg
780.0,KIT CABLEADO SMART HS-X: CONTAC MAGN-SIRE 30W-SENSOR CABL-BTRA 12V/4AMP,980.0,KIT-HSX-CAB,Unidades,ALARMA,KIT-HSX-CAB.jpg,http://localhost:3000/uploads/KIT-HSX-CAB.jpg
520.0,KIT CABLEADO SMART P8: CONTAC MAGN-SIRE 30W-SENSOR CABL-BTRA 12V/4AMP,725.0,,Unidades,ALARMA,KIT_CABLEADO_SMART_P8_CONTAC_MAGN-SIRE_30W-SENSOR_CABL-BTRA_.jpg,http://localhost:3000/uploads/KIT_CABLEADO_SMART_P8_CONTAC_MAGN-SIRE_30W-SENSOR_CABL-BTRA_.jpg
455.0,KIT DE ALARMA HIBRIDO 8Z CON DISPOSITIVO CABLEADO,660.0,HK-DS-PHA64-KIT,Unidades,ALARMA,HK-DS-PHA64-KIT.jpg,http://localhost:3000/uploads/HK-DS-PHA64-KIT.jpg
1200.0,KIT PARARRAYOS,1500.0,,Unidades,ALARMA RISCO,KIT_PARARRAYOS.jpg,http://localhost:3000/uploads/KIT_PARARRAYOS.jpg
1386.0,"KIT PARARRAYOS(ABRAZADERA,TUBO MASTIL 1 METRO,BRASO MAS AISLADOR,CABLE DE COBRE )",1500.0,,Unidades,ALARMA RISCO,KIT_PARARRAYOS_ABRAZADERA_TUBO_MASTIL_1_METRO_BRASO_MAS_AISL.jpg,http://localhost:3000/uploads/KIT_PARARRAYOS_ABRAZADERA_TUBO_MASTIL_1_METRO_BRASO_MAS_AISL.jpg
980.0,KIT REHILETE (ELECTRODO REHILETE 52CMX1/2 GRAFITO),1500.0,,Unidades,ALARMA RISCO,KIT_REHILETE_ELECTRODO_REHILETE_52CMX1_2_GRAFITO_.jpg,http://localhost:3000/uploads/KIT_REHILETE_ELECTRODO_REHILETE_52CMX1_2_GRAFITO_.jpg
170.0,KIT SLR DE ILMNCON EQUISOL,270.0,EQ-1980T,Unidades,PANELES,EQ-1980T.jpg,http://localhost:3000/uploads/EQ-1980T.jpg
552.0,KIT SOLUC MOVIL CON 4 CAMARAS Y MONITOR LCD Y CABLES,750.0,HK-AE-VD2501A-A,Unidades,CAMARAS IP,HK-AE-VD2501A-A.jpg,http://localhost:3000/uploads/HK-AE-VD2501A-A.jpg
83.0,KIT US2000B PYLNTCH,116.0,US2000B/UP2500,Unidades,BATERIAS,US2000B_UP2500.jpg,http://localhost:3000/uploads/US2000B_UP2500.jpg
438.5,"KIT V/PORTERO CON MONITOR 4.3"" KH6110-WE1",520.0,HK-DS-KIS606-P,Unidades,VIDEO PORTERO,HK-DS-KIS606-P.jpg,http://localhost:3000/uploads/HK-DS-KIS606-P.jpg
408.91,KIT V/PORTERO HIBRIDO 4 HILOS. INCLUYE MONITOR Y CAMARA,490.0,HK-DS-KIS313-P,Unidades,VIDEO PORTERO,HK-DS-KIS313-P.jpg,http://localhost:3000/uploads/HK-DS-KIS313-P.jpg
586.72,KIT V/PORTERO IP: DS-KD8003-DS-KH6320-SWITCH-SD CARD,820.0,HK-DS-KIS602,Unidades,VIDEO PORTERO,HK-DS-KIS602.jpg,http://localhost:3000/uploads/HK-DS-KIS602.jpg
0.0,KIT V/PRTR HBD INCLY MNT Y CMR,580.0,HK-DS-KIS302-P,Unidades,VIDEO PORTERO,HK-DS-KIS302-P.jpg,http://localhost:3000/uploads/HK-DS-KIS302-P.jpg
282.6,KIT VIDEO PORTERO ANALOGICO,335.0,HK-DS-KIS213,Unidades,VIDEO PORTERO,HK-DS-KIS213.jpg,http://localhost:3000/uploads/HK-DS-KIS213.jpg
50.0,LDSOLAR 12V 10A,80.0,,Unidades,CONTROLADORES,LDSOLAR_12V_10A.jpg,http://localhost:3000/uploads/LDSOLAR_12V_10A.jpg
55.0,LLAVE TERMICA 16A DC 500VDC LLAVE TERMICA,78.0,,Unidades,MATERIALES PARA INSTALACION,LLAVE_TERMICA_16A_DC_500VDC_LLAVE_TERMICA.jpg,http://localhost:3000/uploads/LLAVE_TERMICA_16A_DC_500VDC_LLAVE_TERMICA.jpg
60.0,LLAVE TERMICA 20A DC 500VDC LLAVE TERMICA,80.0,,Unidades,MATERIALES PARA INSTALACION,LLAVE_TERMICA_20A_DC_500VDC_LLAVE_TERMICA.jpg,http://localhost:3000/uploads/LLAVE_TERMICA_20A_DC_500VDC_LLAVE_TERMICA.jpg
70.0,LLAVE TERMICA 32A DC 500VDC LLAVE TERMICA,95.0,,Unidades,MATERIALES PARA INSTALACION,LLAVE_TERMICA_32A_DC_500VDC_LLAVE_TERMICA.jpg,http://localhost:3000/uploads/LLAVE_TERMICA_32A_DC_500VDC_LLAVE_TERMICA.jpg
0.0,LUMINARIA ALUMBRADO PUBLICO SOLAR 15W 3K/4k/6500K BPC010 LED40/MCT,563.0,,Unidades,ALARMA RISCO,LUMINARIA_ALUMBRADO_PUBLICO_SOLAR_15W_3K_4k_6500K_BPC010_LED.jpg,http://localhost:3000/uploads/LUMINARIA_ALUMBRADO_PUBLICO_SOLAR_15W_3K_4k_6500K_BPC010_LED.jpg
30.0,LUMINARIA APLIQUE CON SENSOR DE MOVIMIENTO 30W,52.0,,Unidades,ALARMA RISCO,LUMINARIA_APLIQUE_CON_SENSOR_DE_MOVIMIENTO_30W.jpg,http://localhost:3000/uploads/LUMINARIA_APLIQUE_CON_SENSOR_DE_MOVIMIENTO_30W.jpg
130.0,LUMINARIA HIGH BAY 100W 1600LUMENS,345.0,,Unidades,ALARMA RISCO,LUMINARIA_HIGH_BAY_100W_1600LUMENS.jpg,http://localhost:3000/uploads/LUMINARIA_HIGH_BAY_100W_1600LUMENS.jpg
100.0,LUMINARIA LED  REFLECTOR DARLUX  150W  100V-265V,100.0,,Unidades,LUMINARIAS,LUMINARIA_LED_REFLECTOR_DARLUX_150W_100V-265V.jpg,http://localhost:3000/uploads/LUMINARIA_LED_REFLECTOR_DARLUX_150W_100V-265V.jpg
0.0,LUMINARIA LED ALUMBRADO PUBLICO SOLAR 12W 6500K IP65 P/POSTE C/CONTROL BRC010 911401827702 Philips,436.0,,Unidades,ALARMA RISCO,LUMINARIA_LED_ALUMBRADO_PUBLICO_SOLAR_12W_6500K_IP65_P_POSTE.jpg,http://localhost:3000/uploads/LUMINARIA_LED_ALUMBRADO_PUBLICO_SOLAR_12W_6500K_IP65_P_POSTE.jpg
0.0,LUMINARIA LED ALUMBRADO PUBLICO SOLAR 14W 6500K IP65 P/POSTE C/CONTROL BRC010,1.0,,Unidades,ALARMA RISCO,LUMINARIA_LED_ALUMBRADO_PUBLICO_SOLAR_14W_6500K_IP65_P_POSTE.jpg,http://localhost:3000/uploads/LUMINARIA_LED_ALUMBRADO_PUBLICO_SOLAR_14W_6500K_IP65_P_POSTE.jpg
0.0,LUMINARIA LED ALUMBRADO PUBLICO SOLAR 14W 6500K IP65 P/POSTE C/CONTROL BRC010,357.0,,Unidades,ALARMA RISCO,LUMINARIA_LED_ALUMBRADO_PUBLICO_SOLAR_14W_6500K_IP65_P_POSTE_2.jpg,http://localhost:3000/uploads/LUMINARIA_LED_ALUMBRADO_PUBLICO_SOLAR_14W_6500K_IP65_P_POSTE_2.jpg
0.0,LUMINARIA LED ALUMBRADO PUBLICO SOLAR 14W 6500K IP65 P/POSTE C/CONTROL BRC010 911401894402 Philips,340.0,,Unidades,ALARMA RISCO,LUMINARIA_LED_ALUMBRADO_PUBLICO_SOLAR_14W_6500K_IP65_P_POSTE_3.jpg,http://localhost:3000/uploads/LUMINARIA_LED_ALUMBRADO_PUBLICO_SOLAR_14W_6500K_IP65_P_POSTE_3.jpg
160.0,LUMINARIA LED CON SENSOR DE MOVIMIENTO,345.0,,Unidades,LUMINARIAS,LUMINARIA_LED_CON_SENSOR_DE_MOVIMIENTO.jpg,http://localhost:3000/uploads/LUMINARIA_LED_CON_SENSOR_DE_MOVIMIENTO.jpg
200.0,LUMINARIA LED REFLECTOR 150W SWB G3 PHILIPS,200.0,,Unidades,LUMINARIAS,LUMINARIA_LED_REFLECTOR_150W_SWB_G3_PHILIPS.jpg,http://localhost:3000/uploads/LUMINARIA_LED_REFLECTOR_150W_SWB_G3_PHILIPS.jpg
0.0,LUMINARIA LED REFLECTOR 200W 5700K 220-240V IP66 AMB LED269/CW BVP432 911401691306 Philips,900.0,,Unidades,ALARMA RISCO,LUMINARIA_LED_REFLECTOR_200W_5700K_220-240V_IP66_AMB_LED269_.jpg,http://localhost:3000/uploads/LUMINARIA_LED_REFLECTOR_200W_5700K_220-240V_IP66_AMB_LED269_.jpg
0.0,LUMINARIA LED REFLECTOR BVP151 LED240/CW PSU 200W SWB G3 GM 911401868286 Philips,390.0,,Unidades,ALARMA RISCO,LUMINARIA_LED_REFLECTOR_BVP151_LED240_CW_PSU_200W_SWB_G3_GM_.jpg,http://localhost:3000/uploads/LUMINARIA_LED_REFLECTOR_BVP151_LED240_CW_PSU_200W_SWB_G3_GM_.jpg
526.27,LUMINARIA LED REFLECTOR BVP232 LED480/CW PSU 400W 120-277V SWB 911401831287 Philips,850.0,,Unidades,ALARMA RISCO,LUMINARIA_LED_REFLECTOR_BVP232_LED480_CW_PSU_400W_120-277V_S.jpg,http://localhost:3000/uploads/LUMINARIA_LED_REFLECTOR_BVP232_LED480_CW_PSU_400W_120-277V_S.jpg
0.0,LUMINARIA REFLECTOR LED SOLAR 10W 650LM 6500K IP65 C/SENSOR MOVIMIENTO,53.0,,Unidades,ALARMA RISCO,LUMINARIA_REFLECTOR_LED_SOLAR_10W_650LM_6500K_IP65_C_SENSOR_.jpg,http://localhost:3000/uploads/LUMINARIA_REFLECTOR_LED_SOLAR_10W_650LM_6500K_IP65_C_SENSOR_.jpg
0.0,LUMINARIA REFLECTOR LED SOLAR 10W 650LM 6500K IP65 C/SENSOR MOVIMIENTO (copiar),53.0,,Unidades,ALARMA RISCO,LUMINARIA_REFLECTOR_LED_SOLAR_10W_650LM_6500K_IP65_C_SENSOR__2.jpg,http://localhost:3000/uploads/LUMINARIA_REFLECTOR_LED_SOLAR_10W_650LM_6500K_IP65_C_SENSOR__2.jpg
0.0,LUMINARIA REFLECTOR LED SOLAR 200W 2400LM 6500K IP66,306.0,,Unidades,ALARMA RISCO,LUMINARIA_REFLECTOR_LED_SOLAR_200W_2400LM_6500K_IP66.jpg,http://localhost:3000/uploads/LUMINARIA_REFLECTOR_LED_SOLAR_200W_2400LM_6500K_IP66.jpg
0.0,LUMINARIA REFLECTOR LED SOLAR 200W 2400LM 6500K IP66,306.0,,Unidades,ALARMA RISCO,LUMINARIA_REFLECTOR_LED_SOLAR_200W_2400LM_6500K_IP66_2.jpg,http://localhost:3000/uploads/LUMINARIA_REFLECTOR_LED_SOLAR_200W_2400LM_6500K_IP66_2.jpg
0.0,LUMINARIA REFLECTOR LED SOLAR 300W 3600LM 6500K IP66,364.0,,Unidades,ALARMA RISCO,LUMINARIA_REFLECTOR_LED_SOLAR_300W_3600LM_6500K_IP66.jpg,http://localhost:3000/uploads/LUMINARIA_REFLECTOR_LED_SOLAR_300W_3600LM_6500K_IP66.jpg
57.0,LUZ DE EMERGENCIA DE 1200 LUMENES DE DOS FOCOS LED 36829 segurimax,90.0,,Unidades,ALARMA,LUZ_DE_EMERGENCIA_DE_1200_LUMENES_DE_DOS_FOCOS_LED_36829_seg.jpg,http://localhost:3000/uploads/LUZ_DE_EMERGENCIA_DE_1200_LUMENES_DE_DOS_FOCOS_LED_36829_seg.jpg
240.0,LUZ DE EMERGENCIA DE 1200 LUMENS IP65 COBERTURA 250M- EI040005-segurimax,350.0,,Unidades,ALARMA,LUZ_DE_EMERGENCIA_DE_1200_LUMENS_IP65_COBERTURA_250M-_EI0400.jpg,http://localhost:3000/uploads/LUZ_DE_EMERGENCIA_DE_1200_LUMENS_IP65_COBERTURA_250M-_EI0400.jpg
55.0,MAGNETICO INALAMBRICO,91.0,HK-DS-PDMC-EG2-WB,Unidades,ALARMA,HK-DS-PDMC-EG2-WB.jpg,http://localhost:3000/uploads/HK-DS-PDMC-EG2-WB.jpg
0.0,"MATERIAL  CAJA MODULAR , ADECIVOS , PERNOS WINCHA ACCESORIOS",90.0,,Unidades,MATERIALES,MATERIAL_CAJA_MODULAR_ADECIVOS_PERNOS_WINCHA_ACCESORIOS.jpg,http://localhost:3000/uploads/MATERIAL_CAJA_MODULAR_ADECIVOS_PERNOS_WINCHA_ACCESORIOS.jpg
0.0,"MATERIAL CERCO ELECTRICO X M. LINEAL  : Postes, aisladores, templadores , cable galvanizado, etc",70.0,,Unidades,SERCO ELECTRICO,MATERIAL_CERCO_ELECTRICO_X_M._LINEAL_Postes_aisladores_templ.jpg,http://localhost:3000/uploads/MATERIAL_CERCO_ELECTRICO_X_M._LINEAL_Postes_aisladores_templ.jpg
50.0,MATERIALES DE CERCO ELECTRICO INCLUYE INSTALACION,80.0,,Unidades,REVISAR - NO SE PUEDE IDENTIFICAR SI ES SERVICIO,MATERIALES_DE_CERCO_ELECTRICO_INCLUYE_INSTALACION.jpg,http://localhost:3000/uploads/MATERIALES_DE_CERCO_ELECTRICO_INCLUYE_INSTALACION.jpg
114.0,MDL EXPNSR 32 Z CBEAD,188.0,HK-DS-PM1-RT-HWB,Unidades,ALARMA,HK-DS-PM1-RT-HWB.jpg,http://localhost:3000/uploads/HK-DS-PM1-RT-HWB.jpg
81.0,MDL EXPNSR 8 Z CBEAD,134.0,HK-DS-PM1-I802-H,Unidades,ALARMA,HK-DS-PM1-I802-H.jpg,http://localhost:3000/uploads/HK-DS-PM1-I802-H.jpg
234.5,MEDIDOR DE ENERGIA SMART METER,350.0,,Unidades,SMART METER,MEDIDOR_DE_ENERGIA_SMART_METER.jpg,http://localhost:3000/uploads/MEDIDOR_DE_ENERGIA_SMART_METER.jpg
48.0,MEMORIA MICROSD 64GB HIK SEMI - HIKSION,60.0,WD-MICROSD-64GB,Unidades,HDD,WD-MICROSD-64GB.jpg,http://localhost:3000/uploads/WD-MICROSD-64GB.jpg
0.0,MICRO INVERSOR GW2000XS,1900.0,,Unidades,ALARMA RISCO,MICRO_INVERSOR_GW2000XS.jpg,http://localhost:3000/uploads/MICRO_INVERSOR_GW2000XS.jpg
0.0,MICROFONO RCA PARA DVR CON FUENTE 12V-1A,40.0,,Unidades,CAMARAS ANALOGAS,MICROFONO_RCA_PARA_DVR_CON_FUENTE_12V-1A.jpg,http://localhost:3000/uploads/MICROFONO_RCA_PARA_DVR_CON_FUENTE_12V-1A.jpg
200.0,MICROSD 512GB NEO LUX,250.0,HK-HS-TF-D3/512G,Unidades,HDD,HK-HS-TF-D3_512G.jpg,http://localhost:3000/uploads/HK-HS-TF-D3_512G.jpg
50.0,MICROSD-HC 64GB  KNGST,0.0,HK-HS-TF-L2I/64,Unidades,HDD,HK-HS-TF-L2I_64.jpg,http://localhost:3000/uploads/HK-HS-TF-L2I_64.jpg
461.0,MINI PTZ CAM IP INT 4MP HK-DS2DE2A404IW-DE3,600.0,HK-DS2DE2A404IW-DE3,Unidades,CAMARAS IP,HK-DS2DE2A404IW-DE3.jpg,http://localhost:3000/uploads/HK-DS2DE2A404IW-DE3.jpg
86.60000000000001,MINI UPS 5V/9V/12VDC CARGADOR USB 18WATTS 8000 mAH,121.0,HK-DS-UPS18D-Z,Unidades,UPS,HK-DS-UPS18D-Z.jpg,http://localhost:3000/uploads/HK-DS-UPS18D-Z.jpg
97.0,MINI UPS PORTATIL 14W 5/9/12V USB,124.0,FZ-DC-140USB,Unidades,UPS,FZ-DC-140USB.jpg,http://localhost:3000/uploads/FZ-DC-140USB.jpg
0.0,MIRCOM DETECTOR DE HUMO CONVENCIONAL,150.0,mod. SD-4WP,Unidades,INCENDIO,mod._SD-4WP.jpg,http://localhost:3000/uploads/mod._SD-4WP.jpg
30.0,MIRCOM DETECTOR TEMPERATURA CONVENCIONAL  2 HILOS  12/24VDC TIPO SPOT  TD-135,50.0,,Unidades,INCENDIO,MIRCOM_DETECTOR_TEMPERATURA_CONVENCIONAL_2_HILOS_12_24VDC_TI.jpg,http://localhost:3000/uploads/MIRCOM_DETECTOR_TEMPERATURA_CONVENCIONAL_2_HILOS_12_24VDC_TI.jpg
266.0,MIRCOM ESTACION MANUAL DE SIMPLE ACCION,280.0,MS-401SU,Unidades,INCENDIO,MS-401SU.jpg,http://localhost:3000/uploads/MS-401SU.jpg
0.0,MIRCOM PANEL 12Z CONVENCIONAL FA-301-12LDR ( PEDIDO 3 MESES IMPORTACION),1.0,,Unidades,INCENDIO,MIRCOM_PANEL_12Z_CONVENCIONAL_FA-301-12LDR_PEDIDO_3_MESES_IM.jpg,http://localhost:3000/uploads/MIRCOM_PANEL_12Z_CONVENCIONAL_FA-301-12LDR_PEDIDO_3_MESES_IM.jpg
1340.0,MIRCOM PANEL INCENDIO 6 ZONAS CONVENCIAL -FA-106R,1550.0,,Unidades,INCENDIO,MIRCOM_PANEL_INCENDIO_6_ZONAS_CONVENCIAL_-FA-106R.jpg,http://localhost:3000/uploads/MIRCOM_PANEL_INCENDIO_6_ZONAS_CONVENCIAL_-FA-106R.jpg
112.5,MIRCON DETECTOR DE HUMO CONVENCIONAL A 2/4 HILOS,150.0,,Unidades,INCENDIO,MIRCON_DETECTOR_DE_HUMO_CONVENCIONAL_A_2_4_HILOS.jpg,http://localhost:3000/uploads/MIRCON_DETECTOR_DE_HUMO_CONVENCIONAL_A_2_4_HILOS.jpg
245.0,MODULO COMUNICACION 3G/4G PARA PANEL PHA64,343.0,HK-DS-PM2-S,Unidades,ALARMA,HK-DS-PM2-S.jpg,http://localhost:3000/uploads/HK-DS-PM2-S.jpg
162.0,MODULO WIFI - GOSPOWER,370.0,IOTH2.4-GPEO,Unidades,SMART METER,IOTH2.4-GPEO.jpg,http://localhost:3000/uploads/IOTH2.4-GPEO.jpg
173.9,MONITOR ADICIONAL P/VIDEO PORTERO ANALOGICO,210.0,HK-DS-KIS213,Unidades,VIDEO PORTERO,HK-DS-KIS213_2.jpg,http://localhost:3000/uploads/HK-DS-KIS213_2.jpg
610.0,MONITOR DE ENERGIA VM-3P75CT SMART METER,750.0,,Unidades,SMART METER,MONITOR_DE_ENERGIA_VM-3P75CT_SMART_METER.jpg,http://localhost:3000/uploads/MONITOR_DE_ENERGIA_VM-3P75CT_SMART_METER.jpg
228.47,"MONITOR VIDEO PORTERO 4.3"" P/INTERIOR HIKVISION -HK-DS-KH6110-WE1",280.0,HK-DS-KH6110-WE1,Unidades,VIDEO PORTERO,HK-DS-KH6110-WE1.jpg,http://localhost:3000/uploads/HK-DS-KH6110-WE1.jpg
282.56,MONITOR VIDEO PORTERO 7 P/INTERIOR WIFI,350.0,HK-DS-KH6350-WTE1,Unidades,VIDEO PORTERO,HK-DS-KH6350-WTE1.jpg,http://localhost:3000/uploads/HK-DS-KH6350-WTE1.jpg
85.59,MONTAJE EMPOTRADO PARA DOS MODULOS DE VIDEOPORTERO,110.0,HK-DS-KD-ACF2/PLASTIC,Unidades,VIDEO PORTERO,HK-DS-KD-ACF2_PLASTIC.jpg,http://localhost:3000/uploads/HK-DS-KD-ACF2_PLASTIC.jpg
69.8,MONTAJE EMPOTRADO PARA UN MODULO DE VIDEOPORTERO,85.0,HK-DS-KD-ACF1/PLASTIC,Unidades,VIDEO PORTERO,HK-DS-KD-ACF1_PLASTIC.jpg,http://localhost:3000/uploads/HK-DS-KD-ACF1_PLASTIC.jpg
230.0,MPPT 12V 20A LDSOLAR,330.0,,Unidades,CONTROLADORES,MPPT_12V_20A_LDSOLAR.jpg,http://localhost:3000/uploads/MPPT_12V_20A_LDSOLAR.jpg
273.0,MPPT 12V 40A LDSOLAR,480.0,TD2407,Unidades,CONTROLADORES,TD2407.jpg,http://localhost:3000/uploads/TD2407.jpg
1430.0,MPPT 150/45 SMART SOLAR Victron E.,1800.0,,Unidades,CONTROLADORES,MPPT_150_45_SMART_SOLAR_Victron_E..jpg,http://localhost:3000/uploads/MPPT_150_45_SMART_SOLAR_Victron_E..jpg
0.0,MPPT 250/100 VICTRON ENERGY,3250.0,,Unidades,ALARMA RISCO,MPPT_250_100_VICTRON_ENERGY.jpg,http://localhost:3000/uploads/MPPT_250_100_VICTRON_ENERGY.jpg
0.0,MULTIPLUS 48/800,1800.0,,Unidades,INVERSORES,MULTIPLUS_48_800.jpg,http://localhost:3000/uploads/MULTIPLUS_48_800.jpg
0.0,MULTIPLUS II 48/15000 VICTRONENERGY,12500.0,,Unidades,ALARMA RISCO,MULTIPLUS_II_48_15000_VICTRONENERGY.jpg,http://localhost:3000/uploads/MULTIPLUS_II_48_15000_VICTRONENERGY.jpg
3600.0,MULTIPLUS II 48V /6K VICTRON ENERGY,5000.0,,Unidades,INVERSORES HIBRIDOS,MULTIPLUS_II_48V_6K_VICTRON_ENERGY.jpg,http://localhost:3000/uploads/MULTIPLUS_II_48V_6K_VICTRON_ENERGY.jpg
10000.0,MULTIPLUS-II 48/8000/200-100 230V VICTRON ENERGY,13500.0,,Unidades,INVERSORES HIBRIDOS,MULTIPLUS-II_48_8000_200-100_230V_VICTRON_ENERGY.jpg,http://localhost:3000/uploads/MULTIPLUS-II_48_8000_200-100_230V_VICTRON_ENERGY.jpg
0.0,MÓDULO GSM 4G MULTISOCKET PARA LightSYS PLUS,968.0,RP432G400LAA,Unidades,ALARMA RISCO,RP432G400LAA.jpg,http://localhost:3000/uploads/RP432G400LAA.jpg
37.0,NUMENS DETECTOR HUMO 2 HILOS CONVENCIONAL  12/24- EN54 HNC-300-S2-U,60.0,,Unidades,INCENDIO,NUMENS_DETECTOR_HUMO_2_HILOS_CONVENCIONAL_12_24-_EN54_HNC-30.jpg,http://localhost:3000/uploads/NUMENS_DETECTOR_HUMO_2_HILOS_CONVENCIONAL_12_24-_EN54_HNC-30.jpg
55.0,NUMENS DETECTOR HUMO 2/4 HILOS CONVENCIONAL-UL+ EN54 SNC-300-SL-B,78.0,DF140003,Unidades,INCENDIO,DF140003.jpg,http://localhost:3000/uploads/DF140003.jpg
384.0,NVR 16CH 2 SATA,500.0,HK-DS7616NI-Q2,Unidades,NVR,HK-DS7616NI-Q2.jpg,http://localhost:3000/uploads/HK-DS7616NI-Q2.jpg
753.0,NVR 16CH POE 2 SATA,950.0,HK-DS7616NI-Q2/16P,Unidades,NVR,HK-DS7616NI-Q2_16P.jpg,http://localhost:3000/uploads/HK-DS7616NI-Q2_16P.jpg
1404.0,NVR 16CH POE 4 HDD,1714.0,HK-DS7716NI-K4/16P,Unidades,NVR,HK-DS7716NI-K4_16P.jpg,http://localhost:3000/uploads/HK-DS7716NI-K4_16P.jpg
4050.0,NVR 32CH 8HDD HDMI H264,4949.0,HK-DS9632NI-M8,Unidades,NVR,HK-DS9632NI-M8.jpg,http://localhost:3000/uploads/HK-DS9632NI-M8.jpg
1120.0,NVR 32CH HASTA 4 HDD-HK-DS7732NXI-K4,1500.0,HK-DS7732NXI-K4,Unidades,NVR,HK-DS7732NXI-K4.jpg,http://localhost:3000/uploads/HK-DS7732NXI-K4.jpg
155.0,NVR 4CH 1 SATA,200.0,HK-DS7104NI-Q1,Unidades,NVR,HK-DS7104NI-Q1.jpg,http://localhost:3000/uploads/HK-DS7104NI-Q1.jpg
0.0,NVR 4CH DS-7104NI-Q1/M,260.0,DS-7104NI-Q1/M,Unidades,NVR,DS-7104NI-Q1_M.jpg,http://localhost:3000/uploads/DS-7104NI-Q1_M.jpg
265.0,NVR 4CH POE 1 SATA,350.0,HK-DS7104NI-Q1/4P,Unidades,NVR,HK-DS7104NI-Q1_4P.jpg,http://localhost:3000/uploads/HK-DS7104NI-Q1_4P.jpg
135.5,NVR 4CH SIN DISCO DURO WIFI,190.0,CS-X5S-4W,Unidades,NVR,CS-X5S-4W.jpg,http://localhost:3000/uploads/CS-X5S-4W.jpg
5040.0,NVR 64CH 8SATA - 220V  HK-DS9664NI-M8 HIKVISION,6200.0,,Unidades,NVR,NVR_64CH_8SATA_-_220V_HK-DS9664NI-M8_HIKVISION.jpg,http://localhost:3000/uploads/NVR_64CH_8SATA_-_220V_HK-DS9664NI-M8_HIKVISION.jpg
275.0,NVR 8CH 1 SATA,380.0,HK-DS7608NI-Q1,Unidades,NVR,HK-DS7608NI-Q1.jpg,http://localhost:3000/uploads/HK-DS7608NI-Q1.jpg
466.0,NVR 8CH POE 1 SATA,567.0,HK-DS7608NI-Q1/8P,Unidades,NVR,HK-DS7608NI-Q1_8P.jpg,http://localhost:3000/uploads/HK-DS7608NI-Q1_8P.jpg
158.0,NVR 8CH SIN DISCO DURO WIFI CS-X5S-8W,221.2,CS-X5S-8W,Unidades,NVR,CS-X5S-8W.jpg,http://localhost:3000/uploads/CS-X5S-8W.jpg
2100.0,NVR MOVIL CON DISCO DURO 1TB SSD ( 04 CANALES ) H.264/H.265-HK-AE-MN5043(1T)M12,2757.21,HK-AE-MN5043(1T)M12,Unidades,NVR,HK-AE-MN5043_1T_M12.jpg,http://localhost:3000/uploads/HK-AE-MN5043_1T_M12.jpg
53.0,ORGANIZADOR HORIZONTAL DE 1 RU,70.0,,Unidades,NETWORKING,ORGANIZADOR_HORIZONTAL_DE_1_RU.jpg,http://localhost:3000/uploads/ORGANIZADOR_HORIZONTAL_DE_1_RU.jpg
74.0,ORGANIZADOR HORIZONTAL DE 2 RU,90.0,,Unidades,NETWORKING,ORGANIZADOR_HORIZONTAL_DE_2_RU.jpg,http://localhost:3000/uploads/ORGANIZADOR_HORIZONTAL_DE_2_RU.jpg
350.0,PANEL 200W 12V MONOCRISTALINO,390.0,RD200M,Unidades,PANELES,RD200M.jpg,http://localhost:3000/uploads/RD200M.jpg
0.0,PANEL 300W MONO,470.0,,Unidades,PANELES,PANEL_300W_MONO.jpg,http://localhost:3000/uploads/PANEL_300W_MONO.jpg
698.0,PANEL 320 W MONO,560.0,PS-320W,Unidades,PANELES,PS-320W.jpg,http://localhost:3000/uploads/PS-320W.jpg
807.0,PANEL 425W MONO TRINASOLAR,1130.0,RD425M,Unidades,PANELES,RD425M.jpg,http://localhost:3000/uploads/RD425M.jpg
300.0,PANEL 445W JINKO MONOCRISTALINO,560.0,FV 410Wp,Unidades,PANELES,FV_410Wp.jpg,http://localhost:3000/uploads/FV_410Wp.jpg
0.0,PANEL 450W SOLAR,550.0,,Unidades,PANELES,PANEL_450W_SOLAR.jpg,http://localhost:3000/uploads/PANEL_450W_SOLAR.jpg
897.0,PANEL 470W MONO,1256.0,RD470M,Unidades,PANELES,RD470M.jpg,http://localhost:3000/uploads/RD470M.jpg
515.0,PANEL 545W JA SOLAR,820.0,,Unidades,PANELES,PANEL_545W_JA_SOLAR.jpg,http://localhost:3000/uploads/PANEL_545W_JA_SOLAR.jpg
560.0,PANEL 550W INTI MONO,850.0,,Unidades,PANELES,PANEL_550W_INTI_MONO.jpg,http://localhost:3000/uploads/PANEL_550W_INTI_MONO.jpg
128.0,PANEL 60W OPALUX,180.0,,Unidades,PANELES,PANEL_60W_OPALUX.jpg,http://localhost:3000/uploads/PANEL_60W_OPALUX.jpg
600.0,PANEL 630W TENSITE 40.47V 15.57A,750.0,TENSITE 630W,Unidades,PANELES,TENSITE_630W.jpg,http://localhost:3000/uploads/TENSITE_630W.jpg
0.0,PANEL 660W A SOLAR,980.0,,Unidades,PANELES,PANEL_660W_A_SOLAR.jpg,http://localhost:3000/uploads/PANEL_660W_A_SOLAR.jpg
0.0,PANEL SOLAR  550Wp 144 Celdas Monocristalino Trina Solar,800.0,,Unidades,PANELES,PANEL_SOLAR_550Wp_144_Celdas_Monocristalino_Trina_Solar.jpg,http://localhost:3000/uploads/PANEL_SOLAR_550Wp_144_Celdas_Monocristalino_Trina_Solar.jpg
100.0,PANEL SOLAR 50W,200.0,,Unidades,PANELES,PANEL_SOLAR_50W.jpg,http://localhost:3000/uploads/PANEL_SOLAR_50W.jpg
350.0,PANEL SOLAR 565 W MONO JA SOLAR,830.0,,Unidades,PANELES,PANEL_SOLAR_565_W_MONO_JA_SOLAR.jpg,http://localhost:3000/uploads/PANEL_SOLAR_565_W_MONO_JA_SOLAR.jpg
0.0,PANEL SOLAR 610W TRINASOLAR,700.0,,Unidades,PANELES,PANEL_SOLAR_610W_TRINASOLAR.jpg,http://localhost:3000/uploads/PANEL_SOLAR_610W_TRINASOLAR.jpg
0.0,PANEL SOLAR 715W,650.0,,Unidades,ALARMA RISCO,PANEL_SOLAR_715W.jpg,http://localhost:3000/uploads/PANEL_SOLAR_715W.jpg
0.0,PANEL SOLAR MONO CON MARCO 12V 30W HG-PS530-30W,1.0,HG-PS530-30W,Unidades,SERCO ELECTRICO,HG-PS530-30W.jpg,http://localhost:3000/uploads/HG-PS530-30W.jpg
400.0,PARARAYO FRANKLIN TETRAPUNTAL BRONCE FORJADO-CROMADO,6400.0,,Unidades,ALARMA RISCO,PARARAYO_FRANKLIN_TETRAPUNTAL_BRONCE_FORJADO-CROMADO.jpg,http://localhost:3000/uploads/PARARAYO_FRANKLIN_TETRAPUNTAL_BRONCE_FORJADO-CROMADO.jpg
100.0,PATCH PANEL CAT 6 DESCARGADO,130.0,,Unidades,NETWORKING,PATCH_PANEL_CAT_6_DESCARGADO.jpg,http://localhost:3000/uploads/PATCH_PANEL_CAT_6_DESCARGADO.jpg
150.0,PDU- ENTRADA DE TOMAS DE ENERGIA RACKEABLE,250.0,,Unidades,ALARMA RISCO,PDU-_ENTRADA_DE_TOMAS_DE_ENERGIA_RACKEABLE.jpg,http://localhost:3000/uploads/PDU-_ENTRADA_DE_TOMAS_DE_ENERGIA_RACKEABLE.jpg
50.0,PEDESTAL PARA CAMARA,80.0,,Unidades,ESTRUCTURA,PEDESTAL_PARA_CAMARA.jpg,http://localhost:3000/uploads/PEDESTAL_PARA_CAMARA.jpg
8.0,PERNOS AUTOROSCANTE Y TARUGO VERDE - DOCENA,14.0,,Unidades,MATERIALES,PERNOS_AUTOROSCANTE_Y_TARUGO_VERDE_-_DOCENA.jpg,http://localhost:3000/uploads/PERNOS_AUTOROSCANTE_Y_TARUGO_VERDE_-_DOCENA.jpg
0.0,"PERNOS DE 1/4"" CON DOBLE VOLANDA",3.5,,Unidades,INCENDIO,PERNOS_DE_1_4_CON_DOBLE_VOLANDA.jpg,http://localhost:3000/uploads/PERNOS_DE_1_4_CON_DOBLE_VOLANDA.jpg
0.0,PINZA AMPERIMETRICA FOTOVOLTAICA,1926.0,,Unidades,ALARMA RISCO,PINZA_AMPERIMETRICA_FOTOVOLTAICA.jpg,http://localhost:3000/uploads/PINZA_AMPERIMETRICA_FOTOVOLTAICA.jpg
0.0,PIR DOBLE TECNOLOGÍA iWISSE RISCO,273.0,RK815DTG3,Unidades,ALARMA RISCO,RK815DTG3.jpg,http://localhost:3000/uploads/RK815DTG3.jpg
1.0,PLUG RJ45 CAT5E,2.4,,Unidades,CABLES DE COMUNICACION,PLUG_RJ45_CAT5E.jpg,http://localhost:3000/uploads/PLUG_RJ45_CAT5E.jpg
850.0,PORTATIL 1200W GOSPOWER -ENERGIA DOMESTICA,1500.0,,Unidades,INVERSORES HIBRIDOS,PORTATIL_1200W_GOSPOWER_-ENERGIA_DOMESTICA.jpg,http://localhost:3000/uploads/PORTATIL_1200W_GOSPOWER_-ENERGIA_DOMESTICA.jpg
0.0,POSTE GALVANIZADO CON PLACA BASE,1200.0,,Unidades,ALARMA RISCO,POSTE_GALVANIZADO_CON_PLACA_BASE.jpg,http://localhost:3000/uploads/POSTE_GALVANIZADO_CON_PLACA_BASE.jpg
16.0,POSTE TEMPLADOR - INTERMEDIO,23.0,,Unidades,SERCO ELECTRICO,POSTE_TEMPLADOR_-_INTERMEDIO.jpg,http://localhost:3000/uploads/POSTE_TEMPLADOR_-_INTERMEDIO.jpg
129.0,POWER RACK DE 6 TOMAS,160.0,,Unidades,NETWORKING,POWER_RACK_DE_6_TOMAS.jpg,http://localhost:3000/uploads/POWER_RACK_DE_6_TOMAS.jpg
1500.0,"POZO A TIERRA (REHILETE DE COBRE 50X30 CM, VATILLA DE COBRE 52CMX DIAMETRO 1/2"", 22KG DE INTENSIFICADOR)",1500.0,,Unidades,POZO TIERRA,POZO_A_TIERRA_REHILETE_DE_COBRE_50X30_CM_VATILLA_DE_COBRE_52.jpg,http://localhost:3000/uploads/POZO_A_TIERRA_REHILETE_DE_COBRE_50X30_CM_VATILLA_DE_COBRE_52.jpg
0.0,PROBADOR DE HUMO,45.0,M5215,Unidades,INCENDIO,M5215.jpg,http://localhost:3000/uploads/M5215.jpg
0.0,PROSYS MAIN BOARD,465.0,RP512M00000A,Unidades,ALARMA RISCO,RP512M00000A.jpg,http://localhost:3000/uploads/RP512M00000A.jpg
0.0,PRTR CNDMNAL XPE 1013 BIO,860.0,XPE 1013 BIO,Unidades,INTERCOMUNICADORES,XPE_1013_BIO.jpg,http://localhost:3000/uploads/XPE_1013_BIO.jpg
957.0,PTZ CAM IP 25X 1080P IR 100M HK-DS2DE4225IW-DE,1250.0,HK-DS2DE4225IW-DE,Unidades,CAMARAS IP,HK-DS2DE4225IW-DE.jpg,http://localhost:3000/uploads/HK-DS2DE4225IW-DE.jpg
1301.0,PTZ CAM IP 25X 4MP IR 100M CARCAZA PLASTICA HK-DS2DE4425IW-DE,1600.0,HK-DS2DE4425IW-DE,Unidades,CAMARAS IP,HK-DS2DE4425IW-DE.jpg,http://localhost:3000/uploads/HK-DS2DE4425IW-DE.jpg
1497.0,PTZ CAM IP 4MP EXT 100M DOBLE LENTE COLOR VU TANDEMVU,1950.0,HK-DS2SE4C425MWG-E,Unidades,CAMARAS IP,HK-DS2SE4C425MWG-E.jpg,http://localhost:3000/uploads/HK-DS2SE4C425MWG-E.jpg
616.0,"PTZ IP 3"" 2MP 4X + 2MP 2.8MM  TANDEMVU -HK-DS2SE3C204MWG-E/12",780.0,,Unidades,CAMARAS IP,PTZ_IP_3_2MP_4X_2MP_2.8MM_TANDEMVU_-HK-DS2SE3C204MWG-E_12.jpg,http://localhost:3000/uploads/PTZ_IP_3_2MP_4X_2MP_2.8MM_TANDEMVU_-HK-DS2SE3C204MWG-E_12.jpg
35.0,PULSADOR DE ALARMA REARMABLE CONVENCIONAL- COFEM,52.0,,Unidades,ALARMA RISCO,PULSADOR_DE_ALARMA_REARMABLE_CONVENCIONAL-_COFEM.jpg,http://localhost:3000/uploads/PULSADOR_DE_ALARMA_REARMABLE_CONVENCIONAL-_COFEM.jpg
75.0,PULSADOR DE ALARMA REARMABLE DIRECCIONABLE LYON CO-PUCAY,120.0,,Unidades,INCENDIO,PULSADOR_DE_ALARMA_REARMABLE_DIRECCIONABLE_LYON_CO-PUCAY.jpg,http://localhost:3000/uploads/PULSADOR_DE_ALARMA_REARMABLE_DIRECCIONABLE_LYON_CO-PUCAY.jpg
42.0,PULSADOR DE EMGNCA INA,69.0,HK-DS-PDEB1-EG2-WB,Unidades,ALARMA,HK-DS-PDEB1-EG2-WB.jpg,http://localhost:3000/uploads/HK-DS-PDEB1-EG2-WB.jpg
20.0,PULSERA INALAMBRICO HAGROY (200M),40.0,,Unidades,ALARMA,PULSERA_INALAMBRICO_HAGROY_200M_.jpg,http://localhost:3000/uploads/PULSERA_INALAMBRICO_HAGROY_200M_.jpg
0.0,Panel Solar 550Wp 144 Celdas Monocristalino Tallmax Trina Solar,800.0,,Unidades,PANELES,Panel_Solar_550Wp_144_Celdas_Monocristalino_Tallmax_Trina_So.jpg,http://localhost:3000/uploads/Panel_Solar_550Wp_144_Celdas_Monocristalino_Tallmax_Trina_So.jpg
0.0,Pump Shurflo Standard 8000-443-136,650.0,,Unidades,BOMBAS,Pump_Shurflo_Standard_8000-443-136.jpg,http://localhost:3000/uploads/Pump_Shurflo_Standard_8000-443-136.jpg
119.0,RACK DE PARED 6RU,200.0,,Unidades,CABLES DE COMUNICACION,RACK_DE_PARED_6RU.jpg,http://localhost:3000/uploads/RACK_DE_PARED_6RU.jpg
250.0,RB 960PGS-PB,505.0,,Unidades,NETWORKING,RB_960PGS-PB.jpg,http://localhost:3000/uploads/RB_960PGS-PB.jpg
0.0,REFLECTOR DURATEL 400W,265.0,,Unidades,ALARMA RISCO,REFLECTOR_DURATEL_400W.jpg,http://localhost:3000/uploads/REFLECTOR_DURATEL_400W.jpg
0.0,REFLECTOR SOLAR 500W 6500K 5000LM,480.0,,Unidades,ALARMA RISCO,REFLECTOR_SOLAR_500W_6500K_5000LM.jpg,http://localhost:3000/uploads/REFLECTOR_SOLAR_500W_6500K_5000LM.jpg
200.0,REFLECTOR SOLUXLED 400W,200.0,,Unidades,ALARMA RISCO,REFLECTOR_SOLUXLED_400W.jpg,http://localhost:3000/uploads/REFLECTOR_SOLUXLED_400W.jpg
1535.0,REFLECTOR TANGO LED GEN4,2150.0,,Unidades,ILUMINACION,REFLECTOR_TANGO_LED_GEN4.jpg,http://localhost:3000/uploads/REFLECTOR_TANGO_LED_GEN4.jpg
447.0,"REFLECTOR TANGO LED GEN4 BVP431 LED135/CW 220~240V 100W SWB GM 13,500LM 5,700K 50,000H",715.0,,Unidades,ALARMA RISCO,REFLECTOR_TANGO_LED_GEN4_BVP431_LED135_CW_220_240V_100W_SWB_.jpg,http://localhost:3000/uploads/REFLECTOR_TANGO_LED_GEN4_BVP431_LED135_CW_220_240V_100W_SWB_.jpg
0.0,REGLETA NEGRA 6 TOMAS CABLE 90 CM,20.0,,Unidades,ALARMA RISCO,REGLETA_NEGRA_6_TOMAS_CABLE_90_CM.jpg,http://localhost:3000/uploads/REGLETA_NEGRA_6_TOMAS_CABLE_90_CM.jpg
0.0,RJ 11,1.0,,Unidades,NETWORKING,RJ_11.jpg,http://localhost:3000/uploads/RJ_11.jpg
56.0,ROUTR 300MBPS 2.4GHZ -2 ANTNS INA,80.0,TP-TL-WR840N,Unidades,NETWORKING,TP-TL-WR840N.jpg,http://localhost:3000/uploads/TP-TL-WR840N.jpg
80.0,ROUTR WIFI DBLE BND 2.4-5GHZ,112.0,TP-ARCHER-C24,Unidades,NETWORKING,TP-ARCHER-C24.jpg,http://localhost:3000/uploads/TP-ARCHER-C24.jpg
95.0,ROUTR WIFI DBLE BND 2.4-5GHZ 3 ANTNS,135.0,TP-ARCHER-C20,Unidades,NETWORKING,TP-ARCHER-C20.jpg,http://localhost:3000/uploads/TP-ARCHER-C20.jpg
95.0,ROUTR WIFI DBLE BND 2.4-5GHZ 4 ANTNS,140.0,TP-ARCHER-C50,Unidades,NETWORKING,TP-ARCHER-C50.jpg,http://localhost:3000/uploads/TP-ARCHER-C50.jpg
0.0,RSC 4 BTN MANDO BDRCNL GRD 2,210.0,RWX332KF400A,Unidades,ALARMA RISCO,RWX332KF400A.jpg,http://localhost:3000/uploads/RWX332KF400A.jpg
0.0,RSC GBNT DE GRDO 3 MTLC,613.0,RP512BM2100A,Unidades,ALARMA RISCO,RP512BM2100A.jpg,http://localhost:3000/uploads/RP512BM2100A.jpg
0.0,RSC MDT 4G GSM MLTSK,920.0,RW132G400LAA,Unidades,ALARMA RISCO,RW132G400LAA.jpg,http://localhost:3000/uploads/RW132G400LAA.jpg
0.0,RSC PROSYS MAIN BOARD,465.0,RP512M00000A,Unidades,ALARMA RISCO,RP512M00000A_2.jpg,http://localhost:3000/uploads/RP512M00000A_2.jpg
0.0,RSC SIRENA EXT INA,539.0,RWS50A433,Unidades,ALARMA RISCO,RWS50A433.jpg,http://localhost:3000/uploads/RWS50A433.jpg
0.0,RSC TECLADO LCD PARA PANEL,205.0,RP432KP0000A,Unidades,ALARMA RISCO,RP432KP0000A.jpg,http://localhost:3000/uploads/RP432KP0000A.jpg
0.0,RSC- CONT MAG INA,221.0,RWX73M43300D,Unidades,ALARMA RISCO,RWX73M43300D.jpg,http://localhost:3000/uploads/RWX73M43300D.jpg
2688.0,RT12-100 BTRA LITIO PYLNTCH,3495.0,RT12100G31,Unidades,BATERIAS,RT12100G31.jpg,http://localhost:3000/uploads/RT12100G31.jpg
330.0,Reflector Solar T-C 400W,450.0,,Unidades,ILUMINACION,Reflector_Solar_T-C_400W.jpg,http://localhost:3000/uploads/Reflector_Solar_T-C_400W.jpg
166.0,SEGURIMAX PANEL CONVENCIONAL CONTRA INCENDIOS DE 6 ZONAS INCLUYE BAT 12V 1.3AMP,250.0,DF140041,Unidades,INCENDIO,DF140041.jpg,http://localhost:3000/uploads/DF140041.jpg
435.0,SENSEFACE 3A - WIFI - IP - CONTROL DE ACCESO FACIAL 3K ROSTROS BIOTIME - ZLINK- BIOCVACCESS,735.0,,Unidades,ACC Y ASIST.,SENSEFACE_3A_-_WIFI_-_IP_-_CONTROL_DE_ACCESO_FACIAL_3K_ROSTR.jpg,http://localhost:3000/uploads/SENSEFACE_3A_-_WIFI_-_IP_-_CONTROL_DE_ACCESO_FACIAL_3K_ROSTR.jpg
110.0,SENSOR DE BARRERA 100M YUS,200.0,,Unidades,ALARMA,SENSOR_DE_BARRERA_100M_YUS.jpg,http://localhost:3000/uploads/SENSOR_DE_BARRERA_100M_YUS.jpg
45.0,SENSOR DE HUMO INIM 2 HILOS,65.0,24V,Unidades,INCENDIO,24V.jpg,http://localhost:3000/uploads/24V.jpg
0.0,SENSOR DE TEMPRERATURA P. MULTIPLUS,120.0,,Unidades,CABLES PARA PANEL SOLAR,SENSOR_DE_TEMPRERATURA_P._MULTIPLUS.jpg,http://localhost:3000/uploads/SENSOR_DE_TEMPRERATURA_P._MULTIPLUS.jpg
68.7,SENSOR INALAMBRICO,90.0,,Unidades,ALARMA,SENSOR_INALAMBRICO.jpg,http://localhost:3000/uploads/SENSOR_INALAMBRICO.jpg
0.0,SIMPLE - CAJA DE PASO DE 20X20mm,17.0,,Unidades,MATERIALES PARA INSTALACION,SIMPLE_-_CAJA_DE_PASO_DE_20X20mm.jpg,http://localhost:3000/uploads/SIMPLE_-_CAJA_DE_PASO_DE_20X20mm.jpg
0.0,SIMPLE - CANALETA DE 10mm X 15mm,2.5,,m,MATERIALES PARA INSTALACION,SIMPLE_-_CANALETA_DE_10mm_X_15mm.jpg,http://localhost:3000/uploads/SIMPLE_-_CANALETA_DE_10mm_X_15mm.jpg
0.0,SIMPLE - CANALETA DE 10mm X 20mm,3.0,,m,MATERIALES PARA INSTALACION,SIMPLE_-_CANALETA_DE_10mm_X_20mm.jpg,http://localhost:3000/uploads/SIMPLE_-_CANALETA_DE_10mm_X_20mm.jpg
8.0,SIMPLE - CANALETA DE 20mm X 15mm  de PVC con adhesivo DLPS x2mts,13.5,,Unidades,MATERIALES,SIMPLE_-_CANALETA_DE_20mm_X_15mm_de_PVC_con_adhesivo_DLPS_x2.jpg,http://localhost:3000/uploads/SIMPLE_-_CANALETA_DE_20mm_X_15mm_de_PVC_con_adhesivo_DLPS_x2.jpg
0.0,SIMPLE - PRENSASTOPA DE 1/2,3.0,,Unidades,MATERIALES PARA INSTALACION,SIMPLE_-_PRENSASTOPA_DE_1_2.jpg,http://localhost:3000/uploads/SIMPLE_-_PRENSASTOPA_DE_1_2.jpg
0.0,SIMPLE-PRESASTOPA DE 3/4,3.5,,Unidades,MATERIALES PARA INSTALACION,SIMPLE-PRESASTOPA_DE_3_4.jpg,http://localhost:3000/uploads/SIMPLE-PRESASTOPA_DE_3_4.jpg
0.0,SIMPLE-TUBO CORRUGADO 3/8 X METRO,1.2,,m,MATERIALES PARA INSTALACION,SIMPLE-TUBO_CORRUGADO_3_8_X_METRO.jpg,http://localhost:3000/uploads/SIMPLE-TUBO_CORRUGADO_3_8_X_METRO.jpg
0.0,SIMPLE-TUBO CORRUGADO X METRO,1.5,,m,MATERIALES PARA INSTALACION,SIMPLE-TUBO_CORRUGADO_X_METRO.jpg,http://localhost:3000/uploads/SIMPLE-TUBO_CORRUGADO_X_METRO.jpg
0.0,SIMPLE-TUBO CORRUGADO X METRO,1.5,,m,MATERIALES PARA INSTALACION,SIMPLE-TUBO_CORRUGADO_X_METRO_2.jpg,http://localhost:3000/uploads/SIMPLE-TUBO_CORRUGADO_X_METRO_2.jpg
100.0,SIN STOCK 128GB MICROSD-HC KINGSTON,0.0,HK-HS-TF-L2I/128GB,Unidades,HDD,HK-HS-TF-L2I_128GB.jpg,http://localhost:3000/uploads/HK-HS-TF-L2I_128GB.jpg
0.0,SIN STOCK 2000W 24V MUST,1650.0,,Unidades,INVERSORES HIBRIDOS,SIN_STOCK_2000W_24V_MUST.jpg,http://localhost:3000/uploads/SIN_STOCK_2000W_24V_MUST.jpg
78.0,SIN STOCK 256 GB MICROSD-HC KINGSTON,90.0,,Unidades,HDD,SIN_STOCK_256_GB_MICROSD-HC_KINGSTON.jpg,http://localhost:3000/uploads/SIN_STOCK_256_GB_MICROSD-HC_KINGSTON.jpg
25.0,SIN STOCK 32GB  MICROSD-HC KNGST,50.0,HK-HS-TF-L2I/32,Unidades,HDD,HK-HS-TF-L2I_32.jpg,http://localhost:3000/uploads/HK-HS-TF-L2I_32.jpg
390.0,SIN STOCK PANEL 555 W JINKO  MONOFACIAL,800.0,PS 555W,Unidades,PANELES,PS_555W.jpg,http://localhost:3000/uploads/PS_555W.jpg
206.0,SIN STOCK/ EZVIZ CAM IP WIFI 2MP INT C-BATERIA,285.0,CS-CB2-R100-2D2WF,Unidades,CAM INALAMBRICAS,CS-CB2-R100-2D2WF.jpg,http://localhost:3000/uploads/CS-CB2-R100-2D2WF.jpg
0.0,SIRENA ESTROBO EXTERIOR BUS LUMIN 8 DELTA,452.0,RS402BL0000A,Unidades,ALARMA RISCO,RS402BL0000A.jpg,http://localhost:3000/uploads/RS402BL0000A.jpg
200.0,SMART METER FRONIUS MONOFASICO,250.0,,Unidades,SMART METER,SMART_METER_FRONIUS_MONOFASICO.jpg,http://localhost:3000/uploads/SMART_METER_FRONIUS_MONOFASICO.jpg
169.02,SMART METER INTELIGENTE TRIFASICO GOODWE,280.0,GMK330,Unidades,SMART METER,GMK330.jpg,http://localhost:3000/uploads/GMK330.jpg
153.81,SMART SWITCH ADMINIS 8 POE MIX 100M + 1 UP RJ45 GIGABITE - BAJO CONSUMO,215.0,HK-DS-3E1309P-EI/M,Unidades,NETWORKING,HK-DS-3E1309P-EI_M.jpg,http://localhost:3000/uploads/HK-DS-3E1309P-EI_M.jpg
80.0,SOPORTE METALICO P/ESQUINA PARA PTZ HIKVISION,160.0,,Unidades,ALARMA RISCO,SOPORTE_METALICO_P_ESQUINA_PARA_PTZ_HIKVISION.jpg,http://localhost:3000/uploads/SOPORTE_METALICO_P_ESQUINA_PARA_PTZ_HIKVISION.jpg
0.0,SRVCI DE INSTLCON DE CRC ELECTC x 1m²,47.0,,Unidades,SERCO ELECTRICO,SRVCI_DE_INSTLCON_DE_CRC_ELECTC_x_1m_.jpg,http://localhost:3000/uploads/SRVCI_DE_INSTLCON_DE_CRC_ELECTC_x_1m_.jpg
0.0,SRVCO DE INSTLCON DE SSTM CNTA INCNDO,90.0,,Unidades,INCENDIO,SRVCO_DE_INSTLCON_DE_SSTM_CNTA_INCNDO.jpg,http://localhost:3000/uploads/SRVCO_DE_INSTLCON_DE_SSTM_CNTA_INCNDO.jpg
130.0,SS - 12 / 24 VDC SRN ESTB INDOR,170.0,SS-SYS-HS,Unidades,INCENDIO,SS-SYS-HS.jpg,http://localhost:3000/uploads/SS-SYS-HS.jpg
3.0,STRONGER AISLADOR CERAMICO T/CARRETE-53-1,5.0,,Unidades,ALARMA RISCO,STRONGER_AISLADOR_CERAMICO_T_CARRETE-53-1.jpg,http://localhost:3000/uploads/STRONGER_AISLADOR_CERAMICO_T_CARRETE-53-1.jpg
0.0,SUPRESOR DE PICOS 6 TOMAS,65.0,,Unidades,NETWORKING,SUPRESOR_DE_PICOS_6_TOMAS.jpg,http://localhost:3000/uploads/SUPRESOR_DE_PICOS_6_TOMAS.jpg
40.0,SWITCH 5P GGB,60.0,TP-LS1005G,Unidades,NETWORKING,TP-LS1005G.jpg,http://localhost:3000/uploads/TP-LS1005G.jpg
35.0,SWITCH 8 PUERTOS 10/100MBPS,75.0,,Unidades,NETWORKING,SWITCH_8_PUERTOS_10_100MBPS.jpg,http://localhost:3000/uploads/SWITCH_8_PUERTOS_10_100MBPS.jpg
170.0,SWITCH BATERIA  600A -NVS Verde,270.0,,Unidades,BATERIAS,SWITCH_BATERIA_600A_-NVS_Verde.jpg,http://localhost:3000/uploads/SWITCH_BATERIA_600A_-NVS_Verde.jpg
3600.0,SWITCH POE 48 PUERTOS ADMINISTRABLE 4SFP + TPLINK,5500.0,,Unidades,NETWORKING,SWITCH_POE_48_PUERTOS_ADMINISTRABLE_4SFP_TPLINK.jpg,http://localhost:3000/uploads/SWITCH_POE_48_PUERTOS_ADMINISTRABLE_4SFP_TPLINK.jpg
61.89,SWITCH ROUTERBOARD RB260GSP MIKROTIK,90.0,,Unidades,NETWORKING,SWITCH_ROUTERBOARD_RB260GSP_MIKROTIK.jpg,http://localhost:3000/uploads/SWITCH_ROUTERBOARD_RB260GSP_MIKROTIK.jpg
81.0,SWTCH 16P 10/100MBPS. CASE PLSTC,116.0,TP-TL-SF1016D,Unidades,NETWORKING,TP-TL-SF1016D.jpg,http://localhost:3000/uploads/TP-TL-SF1016D.jpg
110.0,SWTCH 4 PERTS POE 1 UPLINK - 12VDC/220V,154.0,HK-DS-3E0505P-E/M,Unidades,NETWORKING,HK-DS-3E0505P-E_M.jpg,http://localhost:3000/uploads/HK-DS-3E0505P-E_M.jpg
130.0,SWTCH 4P POE 2 UP LINK 1P HIPOE 60W,180.0,HK-DS-3E0106HP-E,Unidades,NETWORKING,HK-DS-3E0106HP-E.jpg,http://localhost:3000/uploads/HK-DS-3E0106HP-E.jpg
32.0,SWTCH 5P 10/100MBPS CASE PLSTC,46.0,TP-TL-SF1005D,Unidades,NETWORKING,TP-TL-SF1005D.jpg,http://localhost:3000/uploads/TP-TL-SF1005D.jpg
47.0,SWTCH 5P GGB. CASE PLSTC,68.0,TP-TL-SG1005D,Unidades,NETWORKING,TP-TL-SG1005D.jpg,http://localhost:3000/uploads/TP-TL-SG1005D.jpg
156.0,SWTCH 8 PERTS POE 100M 58W 250M,222.0,HK-DS-3E0109P-E/M,Unidades,NETWORKING,HK-DS-3E0109P-E_M.jpg,http://localhost:3000/uploads/HK-DS-3E0109P-E_M.jpg
160.0,SYSTEM SENSOR - SIRENA LED ESTROBOSCOPICA 2 HILOS 12 A 24 V.SIRENA SS-P2RLED-SP UL,210.0,SS-P2RLED-SP,Unidades,INCENDIO,SS-P2RLED-SP.jpg,http://localhost:3000/uploads/SS-P2RLED-SP.jpg
270.0,Smart Energy Meter Power Sensor DDSU666H,380.0,,Unidades,SMART METER,Smart_Energy_Meter_Power_Sensor_DDSU666H.jpg,http://localhost:3000/uploads/Smart_Energy_Meter_Power_Sensor_DDSU666H.jpg
0.0,TABLERO ADOSABLE 400X500X200 IP66,1.0,,Unidades,ALARMA RISCO,TABLERO_ADOSABLE_400X500X200_IP66.jpg,http://localhost:3000/uploads/TABLERO_ADOSABLE_400X500X200_IP66.jpg
170.20000000000002,TABLERO ADOSABLE METALICO 600X400X200 MM,200.0,,Unidades,ELECTRICIDAD,TABLERO_ADOSABLE_METALICO_600X400X200_MM.jpg,http://localhost:3000/uploads/TABLERO_ADOSABLE_METALICO_600X400X200_MM.jpg
1300.0,TABLERO DE ILUMINACION 22 POLOS ADOSADO,3200.0,,Unidades,TABLEROS,TABLERO_DE_ILUMINACION_22_POLOS_ADOSADO.jpg,http://localhost:3000/uploads/TABLERO_DE_ILUMINACION_22_POLOS_ADOSADO.jpg
250.0,TABLERO DE PARALELAJE /  PANELES P/2 ARREGLOS,850.0,,Unidades,PANELES,TABLERO_DE_PARALELAJE_PANELES_P_2_ARREGLOS.jpg,http://localhost:3000/uploads/TABLERO_DE_PARALELAJE_PANELES_P_2_ARREGLOS.jpg
0.0,TABLERO PARA INVERSOR,80.0,,Unidades,TABLEROS,TABLERO_PARA_INVERSOR.jpg,http://localhost:3000/uploads/TABLERO_PARA_INVERSOR.jpg
0.0,TABLERO PARA INVERSOR VICTRON,150.0,,Unidades,TABLEROS,TABLERO_PARA_INVERSOR_VICTRON.jpg,http://localhost:3000/uploads/TABLERO_PARA_INVERSOR_VICTRON.jpg
15.0,TABLERO PLASTICO SOBREPONER 6 POLOS,22.0,,Unidades,TABLEROS,TABLERO_PLASTICO_SOBREPONER_6_POLOS.jpg,http://localhost:3000/uploads/TABLERO_PLASTICO_SOBREPONER_6_POLOS.jpg
20.0,TABLERO PVC ADOSABLE 8 POLOS,30.0,,Unidades,MATERIALES,TABLERO_PVC_ADOSABLE_8_POLOS.jpg,http://localhost:3000/uploads/TABLERO_PVC_ADOSABLE_8_POLOS.jpg
0.0,TABLEROS AUTOSOPORTADOS CON BASE MANDIL Y BARRAS,1500.0,,Unidades,ALARMA RISCO,TABLEROS_AUTOSOPORTADOS_CON_BASE_MANDIL_Y_BARRAS.jpg,http://localhost:3000/uploads/TABLEROS_AUTOSOPORTADOS_CON_BASE_MANDIL_Y_BARRAS.jpg
15.0,TAG DE CONTROL DE RONDAS  LOCATION TAG,25.0,,Unidades,ACC Y ASIST.,TAG_DE_CONTROL_DE_RONDAS_LOCATION_TAG.jpg,http://localhost:3000/uploads/TAG_DE_CONTROL_DE_RONDAS_LOCATION_TAG.jpg
0.0,TAGS DE PROXIMIDAD,47.0,RP200KT2000A,Unidades,ALARMA RISCO,RP200KT2000A.jpg,http://localhost:3000/uploads/RP200KT2000A.jpg
256.04,"TANDEMVU PT IP 2"" 4MP 8MM + 4MP 2.8MM",360.0,,Unidades,CAMARAS IP,TANDEMVU_PT_IP_2_4MP_8MM_4MP_2.8MM.jpg,http://localhost:3000/uploads/TANDEMVU_PT_IP_2_4MP_8MM_4MP_2.8MM.jpg
647.6,"TANDEMVU PTZ IP 3"" 4MP 4X + 4MP 2.8MM",850.0,,Unidades,CAMARAS IP,TANDEMVU_PTZ_IP_3_4MP_4X_4MP_2.8MM.jpg,http://localhost:3000/uploads/TANDEMVU_PTZ_IP_3_4MP_4X_4MP_2.8MM.jpg
0.0,TECLADO LCD ALFANUMÉRICO,287.0,6164V48,Unidades,ALARMA RISCO,6164V48.jpg,http://localhost:3000/uploads/6164V48.jpg
100.0,TELEFONO ALÁMBRICO CID FSK / DTMF-TE040056,150.0,,Unidades,INTERCOMUNICADORES,TELEFONO_AL_MBRICO_CID_FSK_DTMF-TE040056.jpg,http://localhost:3000/uploads/TELEFONO_AL_MBRICO_CID_FSK_DTMF-TE040056.jpg
3.5,TERMINAL DE COBRE 6MM2,6.0,,Unidades,ELECTRICIDAD,TERMINAL_DE_COBRE_6MM2.jpg,http://localhost:3000/uploads/TERMINAL_DE_COBRE_6MM2.jpg
50.0,TERMINAL DE CU  150 MM2 PESADO,75.0,,Unidades,ALARMA RISCO,TERMINAL_DE_CU_150_MM2_PESADO.jpg,http://localhost:3000/uploads/TERMINAL_DE_CU_150_MM2_PESADO.jpg
0.0,TLFN TDMI-300,58.0,TDMI-300,Unidades,INTERCOMUNICADORES,TDMI-300.jpg,http://localhost:3000/uploads/TDMI-300.jpg
12.5,TOMACORRIENTE DOBLE,16.0,,Unidades,MATERIALES,TOMACORRIENTE_DOBLE.jpg,http://localhost:3000/uploads/TOMACORRIENTE_DOBLE.jpg
100.0,TORNILLO AUTOPERFORANTE HEXAGONAL 3 PULGADAS (100 Unit),150.0,,Unidades,CABLES PARA PANEL SOLAR,TORNILLO_AUTOPERFORANTE_HEXAGONAL_3_PULGADAS_100_Unit_.jpg,http://localhost:3000/uploads/TORNILLO_AUTOPERFORANTE_HEXAGONAL_3_PULGADAS_100_Unit_.jpg
210.0,TRANFORMADOR DE CORRIENTE VICTRON,225.0,,Unidades,ALARMA RISCO,TRANFORMADOR_DE_CORRIENTE_VICTRON.jpg,http://localhost:3000/uploads/TRANFORMADOR_DE_CORRIENTE_VICTRON.jpg
0.0,"TRANSFORMADOR DE CORRIENTE, RELACIÓN DE TRANSFORMACIÓN SOLIS",350.0,SOLIS CTSA16-100A/33.33MA(10M),Unidades,MICROINVERSOR,SOLIS_CTSA16-100A_33.33MA_10M_.jpg,http://localhost:3000/uploads/SOLIS_CTSA16-100A_33.33MA_10M_.jpg
0.0,TRANSFORMADOR PARA CHAPA ELECTRICA,120.0,,Unidades,UPS,TRANSFORMADOR_PARA_CHAPA_ELECTRICA.jpg,http://localhost:3000/uploads/TRANSFORMADOR_PARA_CHAPA_ELECTRICA.jpg
0.0,TRANSFORMADOR TRIFASICO (440v A 220v) 100w 60hz,200.0,,Unidades,BATERIAS,TRANSFORMADOR_TRIFASICO_440v_A_220v_100w_60hz.jpg,http://localhost:3000/uploads/TRANSFORMADOR_TRIFASICO_440v_A_220v_100w_60hz.jpg
0.0,TRASNFORMADO PARA CHAPA ELECTRICA,200.0,,Unidades,BOMBAS,TRASNFORMADO_PARA_CHAPA_ELECTRICA.jpg,http://localhost:3000/uploads/TRASNFORMADO_PARA_CHAPA_ELECTRICA.jpg
120.0,TRJT 08 EXTNSONS BLNCAD - COMUNIC 16/48,185.0,,Unidades,INTERCOMUNICADORES,TRJT_08_EXTNSONS_BLNCAD_-_COMUNIC_16_48.jpg,http://localhost:3000/uploads/TRJT_08_EXTNSONS_BLNCAD_-_COMUNIC_16_48.jpg
0.0,TRNSFRMDR 220V/12V PR CHP ELCTRC,60.0,,Unidades,INTERCOMUNICADORES,TRNSFRMDR_220V_12V_PR_CHP_ELCTRC.jpg,http://localhost:3000/uploads/TRNSFRMDR_220V_12V_PR_CHP_ELCTRC.jpg
5.0,"TUBERIA DE PVC LUZ SEL    1/2"" x 3m DE LONGITUD",7.5,,Unidades,MATERIALES,TUBERIA_DE_PVC_LUZ_SEL_1_2_x_3m_DE_LONGITUD.jpg,http://localhost:3000/uploads/TUBERIA_DE_PVC_LUZ_SEL_1_2_x_3m_DE_LONGITUD.jpg
86.0,TUBO ANA 2MP COLOR VU AUDIO 20M HK-DS2CE10DF0T-LPFS,110.0,HK-DS2CE10DF0T-LPFS,Unidades,CAMARAS ANALOGAS,HK-DS2CE10DF0T-LPFS.jpg,http://localhost:3000/uploads/HK-DS2CE10DF0T-LPFS.jpg
110.0,TUBO ANA 2MP COLORVU 40M HK-DS2CE12DF0T-LFS,145.0,HK-DS2CE12DF0T-LFS,Unidades,CAMARAS ANALOGAS,HK-DS2CE12DF0T-LFS.jpg,http://localhost:3000/uploads/HK-DS2CE12DF0T-LFS.jpg
56.0,TUBO ANA 2MP EXT 20M HK-DS2CE16D0T-IRPF,75.0,HK-DS2CE16D0T-IRPF,Unidades,CAMARAS ANALOGAS,HK-DS2CE16D0T-IRPF.jpg,http://localhost:3000/uploads/HK-DS2CE16D0T-IRPF.jpg
70.0,TUBO ANA 2MP EXT 25M AUDIO HK-DS2CE16D0T-ITPFS,100.0,HK-DS2CE16D0T-ITPFS,Unidades,CAMARAS ANALOGAS,HK-DS2CE16D0T-ITPFS.jpg,http://localhost:3000/uploads/HK-DS2CE16D0T-ITPFS.jpg
113.0,TUBO ANA 5MP COLOR VU 20M HK-DS2CE10KF0T-LFS,150.0,HK-DS2CE10KF0T-LFS,Unidades,CAMARAS ANALOGAS,HK-DS2CE10KF0T-LFS.jpg,http://localhost:3000/uploads/HK-DS2CE10KF0T-LFS.jpg
210.0,TUBO ANA 5MP EXT 40M HK-DS2CE19H0T-AIT3ZF,270.0,HK-DS2CE19H0T-AIT3ZF,Unidades,CAMARAS ANALOGAS,HK-DS2CE19H0T-AIT3ZF.jpg,http://localhost:3000/uploads/HK-DS2CE19H0T-AIT3ZF.jpg
0.0,"TUBO CONDUIT ACERO GALVANIZADO DE 2"" x 6m DE LONGITUD",1026.0,,Unidades,ALARMA RISCO,TUBO_CONDUIT_ACERO_GALVANIZADO_DE_2_x_6m_DE_LONGITUD.jpg,http://localhost:3000/uploads/TUBO_CONDUIT_ACERO_GALVANIZADO_DE_2_x_6m_DE_LONGITUD.jpg
0.0,UAP UNIFI DOBLE BANDA,650.0,,Unidades,NETWORKING,UAP_UNIFI_DOBLE_BANDA.jpg,http://localhost:3000/uploads/UAP_UNIFI_DOBLE_BANDA.jpg
0.0,UNION DE RJ11,2.5,,Unidades,NETWORKING,UNION_DE_RJ11.jpg,http://localhost:3000/uploads/UNION_DE_RJ11.jpg
200.9,UPS 4 TOMAS 1000VA / 600WATTS - 220V,285.0,HK-DS-UPS1000,Unidades,UPS,HK-DS-UPS1000.jpg,http://localhost:3000/uploads/HK-DS-UPS1000.jpg
130.37,UPS 4 TOMAS 600VA / 360WATTS - 220V,180.0,HK-DS-UPS600,Unidades,UPS,HK-DS-UPS600.jpg,http://localhost:3000/uploads/HK-DS-UPS600.jpg
473.9,UPS 6 TOMAS 2000VA / 1200WATTS - 220VAC,665.0,HK-DS-UPS2000,Unidades,UPS,HK-DS-UPS2000.jpg,http://localhost:3000/uploads/HK-DS-UPS2000.jpg
258.05,UPS 6 TOMAS 220V / 1000VA / 500W,361.0,FZ-NT-1012U,Unidades,UPS,FZ-NT-1012U.jpg,http://localhost:3000/uploads/FZ-NT-1012U.jpg
160.43,UPS 6 TOMAS 220V/500VA/250W,225.0,FZ-NT-512U,Unidades,UPS,FZ-NT-512U.jpg,http://localhost:3000/uploads/FZ-NT-512U.jpg
175.38,UPS 6 TOMAS 220V/750VA/375W,245.0,FZ-NT-752U,Unidades,UPS,FZ-NT-752U.jpg,http://localhost:3000/uploads/FZ-NT-752U.jpg
127.0,UPS 600W HIKVISION,320.0,,Unidades,ALARMA RISCO,UPS_600W_HIKVISION.jpg,http://localhost:3000/uploads/UPS_600W_HIKVISION.jpg
2709.17,VARIADOR DE 11KV,2800.0,,Unidades,ALARMA RISCO,VARIADOR_DE_11KV.jpg,http://localhost:3000/uploads/VARIADOR_DE_11KV.jpg
153.89,VE.Direct Bluetooth Smart Dongle,221.0,SMART DONGLE,Unidades,PANELES,SMART_DONGLE.jpg,http://localhost:3000/uploads/SMART_DONGLE.jpg
0.0,VENUS GX Monitorización,1500.0,,Unidades,CONTROLADORES,VENUS_GX_Monitorizaci_n.jpg,http://localhost:3000/uploads/VENUS_GX_Monitorizaci_n.jpg
0.0,VICTRON MULTIPLUS II 48/10000,7800.0,,Unidades,INVERSORES HIBRIDOS,VICTRON_MULTIPLUS_II_48_10000.jpg,http://localhost:3000/uploads/VICTRON_MULTIPLUS_II_48_10000.jpg
0.0,VICTRON MULTIPLUS II 48/6500,5000.0,,Unidades,INVERSORES HIBRIDOS,VICTRON_MULTIPLUS_II_48_6500.jpg,http://localhost:3000/uploads/VICTRON_MULTIPLUS_II_48_6500.jpg
775.0,VIDEOPORTERO DS-KV8202-IM Hikvision,980.0,,Unidades,VIDEO PORTERO,VIDEOPORTERO_DS-KV8202-IM_Hikvision.jpg,http://localhost:3000/uploads/VIDEOPORTERO_DS-KV8202-IM_Hikvision.jpg
790.0,Victron E. GX Touch 50,980.0,,Unidades,CONTROLADORES,Victron_E._GX_Touch_50.jpg,http://localhost:3000/uploads/Victron_E._GX_Touch_50.jpg
0.0,WIFI/LAN REGISTRADOR SOLIS S2-WL-ST,408.0,,Unidades,MICROINVERSOR,WIFI_LAN_REGISTRADOR_SOLIS_S2-WL-ST.jpg,http://localhost:3000/uploads/WIFI_LAN_REGISTRADOR_SOLIS_S2-WL-ST.jpg
130.0,X 1 PAN -ESTRUCT  ANGULAR 15° RACK,200.0,(L1-100MM),Unidades,ESTRUCTURA,_L1-100MM__2.jpg,http://localhost:3000/uploads/_L1-100MM__2.jpg
235.0,"XPE 1013 PLUS ID- PORTERO ELECTRÓNICO, SOLUCION CONDOMINIAL LECTOR RFID INTELBRAS",350.0,,Unidades,INTERCOMUNICADORES,XPE_1013_PLUS_ID-_PORTERO_ELECTR_NICO_SOLUCION_CONDOMINIAL_L.jpg,http://localhost:3000/uploads/XPE_1013_PLUS_ID-_PORTERO_ELECTR_NICO_SOLUCION_CONDOMINIAL_L.jpg
454.0,ZK CRDR SMART. LCTR DE HUEL Y TCD,635.0,ZK-ML300,Unidades,ACC Y ASIST.,ZK-ML300.jpg,http://localhost:3000/uploads/ZK-ML300.jpg
25.0,ZK EX800A BOTON DE SALIDA METALICO,35.0,ZK-EX800A,Unidades,ACC Y ASIST.,ZK-EX800A.jpg,http://localhost:3000/uploads/ZK-EX800A.jpg
743.0,ZK IN02-A TERMINAL BIOMETRICO DE ASIS HUELLA -TARJETA -CLAVE,1040.0,IN02-A,Unidades,ACC Y ASIST.,IN02-A.jpg,http://localhost:3000/uploads/IN02-A.jpg
201.0,ZK LX16 HUELLA DIGITAL NO SOPORTA TARJETA,261.0,LX16,Unidades,ACC Y ASIST.,LX16.jpg,http://localhost:3000/uploads/LX16.jpg
604.0,ZK MB460/ID CONTROL DE ASISTENCIA  ACC BSC FCAL,790.0,MB460,Unidades,ACC Y ASIST.,MB460.jpg,http://localhost:3000/uploads/MB460.jpg
0.0,ZK SLK20R LECTOR DE HUELLA ZKTECO,450.0,SLK20R,Unidades,ACC Y ASIST.,SLK20R.jpg,http://localhost:3000/uploads/SLK20R.jpg
570.0,"ZK SPEEDFACE-V3L BIOMET. ROST, HUEL Y TARJ",800.0,ZK-SPEEDFACE-V3L/ID,Unidades,ACC Y ASIST.,ZK-SPEEDFACE-V3L_ID.jpg,http://localhost:3000/uploads/ZK-SPEEDFACE-V3L_ID.jpg
1370.0,ZK SPEEDFACE-V5L BIOMET FACIAL,1918.0,ZK-SPEEDFACE-V5L/ID,Unidades,ACC Y ASIST.,ZK-SPEEDFACE-V5L_ID.jpg,http://localhost:3000/uploads/ZK-SPEEDFACE-V5L_ID.jpg
1415.0,ZK UFACE800PLUS  C. ACC ASIS BIOMETRICO,1981.0,ZK-UFACE800PLUS,Unidades,ACC Y ASIST.,ZK-UFACE800PLUS.jpg,http://localhost:3000/uploads/ZK-UFACE800PLUS.jpg
159.0,ZK-9500 LECTOR DE HUELLA DIGITAL USB,223.0,ZK-9500,Unidades,ACC Y ASIST.,ZK-9500.jpg,http://localhost:3000/uploads/ZK-9500.jpg
525.0,ZK-AL20B/R CERRADURA CON LECTOR DE HUELLA,736.0,ZK-AL20B/R,Unidades,ACC Y ASIST.,ZK-AL20B_R.jpg,http://localhost:3000/uploads/ZK-AL20B_R.jpg
301.0,ZK-FR1200 LECTOR D HUELLA DIGITAL/PROX SIMPLE,421.0,ZK-FR1200,Unidades,ACC Y ASIST.,ZK-FR1200.jpg,http://localhost:3000/uploads/ZK-FR1200.jpg
287.0,ZK-FR1300 LECTOR D HUELLA DIGITAL TECLADO/PROX SIMPLE,402.0,ZK-FR1300,Unidades,ACC Y ASIST.,ZK-FR1300.jpg,http://localhost:3000/uploads/ZK-FR1300.jpg
325.0,ZK-HORUS-TL1 C. ASIS ACC FACIAL WIFI Y CABLEADO,422.0,ZK-HORUS-TL1,Unidades,ACC Y ASIST.,ZK-HORUS-TL1.jpg,http://localhost:3000/uploads/ZK-HORUS-TL1.jpg
224.0,ZK-HORUS-TL2 C. ASIS ACC FACIAL WIFI Y CABLEADO,314.0,ZK-HORUS-TL2,Unidades,ACC Y ASIST.,ZK-HORUS-TL2.jpg,http://localhost:3000/uploads/ZK-HORUS-TL2.jpg
697.0,ZK-IN01A/ID C. ACC ASIS HUELLA DIGITAL Y PROXI,906.0,ZK-IN01A/ID,Unidades,ACC Y ASIST.,ZK-IN01A_ID.jpg,http://localhost:3000/uploads/ZK-IN01A_ID.jpg
179.0,ZK-LX14 C. ASIS CON PANTALLA,250.0,ZK-LX14,Unidades,ACC Y ASIST.,ZK-LX14.jpg,http://localhost:3000/uploads/ZK-LX14.jpg
467.0,ZK-MA300/ID C. ACC HUELLA DIGITAL Y PROXIMIDAD,654.0,ZK-MA300/ID,Unidades,ACC Y ASIST.,ZK-MA300_ID.jpg,http://localhost:3000/uploads/ZK-MA300_ID.jpg
289.0,ZK-MB10-VL C. ACC FACIAL Y HUELLA,404.0,ZK-MB10-VL,Unidades,ACC Y ASIST.,ZK-MB10-VL.jpg,http://localhost:3000/uploads/ZK-MB10-VL.jpg
755.0,ZK-MB560-VL C. ASIS ACC FACIAL HUELLA PIN,1056.0,ZK-MB560-VL/ID,Unidades,ACC Y ASIST.,ZK-MB560-VL_ID.jpg,http://localhost:3000/uploads/ZK-MB560-VL_ID.jpg
570.0,ZK-P10 RONDERO  CONTROL DE VIGILANTES,850.0,ZK-P10,Unidades,ACC Y ASIST.,ZK-P10.jpg,http://localhost:3000/uploads/ZK-P10.jpg
75.0,ZK-PS902B FUENTE C CARG DE BAT 220VAC SAL 12VDC 5AMP,104.0,ZK-PS902B,Unidades,ACC Y ASIST.,ZK-PS902B.jpg,http://localhost:3000/uploads/ZK-PS902B.jpg
400.0,ZK-SC800 C. ACC TARJETA PARA EXT IP65,560.0,ZK-SC800,Unidades,ACC Y ASIST.,ZK-SC800.jpg,http://localhost:3000/uploads/ZK-SC800.jpg
56.0,ZKB101- ESCANER CODIGO BARRA  1D CONEXION UBS -ALAMBRICO,98.0,,Unidades,ACC Y ASIST.,ZKB101-_ESCANER_CODIGO_BARRA_1D_CONEXION_UBS_-ALAMBRICO.jpg,http://localhost:3000/uploads/ZKB101-_ESCANER_CODIGO_BARRA_1D_CONEXION_UBS_-ALAMBRICO.jpg
192.0,ZKB203S-LECTOR DE CODIGOS QR 2D INALAMBRICO CON BASE,310.0,,Unidades,ACC Y ASIST.,ZKB203S-LECTOR_DE_CODIGOS_QR_2D_INALAMBRICO_CON_BASE.jpg,http://localhost:3000/uploads/ZKB203S-LECTOR_DE_CODIGOS_QR_2D_INALAMBRICO_CON_BASE.jpg
360.0,ZKB207 LECTOR 2D DE CODIGO DE BARRAS Y QR - ZKTECO,430.0,,Unidades,ACC Y ASIST.,ZKB207_LECTOR_2D_DE_CODIGO_DE_BARRAS_Y_QR_-_ZKTECO.jpg,http://localhost:3000/uploads/ZKB207_LECTOR_2D_DE_CODIGO_DE_BARRAS_Y_QR_-_ZKTECO.jpg
7.5,ZOCALO BAJO PARA SENSORES A50/C50,12.0,,Unidades,INCENDIO,ZOCALO_BAJO_PARA_SENSORES_A50_C50.jpg,http://localhost:3000/uploads/ZOCALO_BAJO_PARA_SENSORES_A50_C50.jpg
3800.0,estructura panel solar kuelap,5900.0,,Unidades,ESTRUCTURA,estructura_panel_solar_kuelap.jpg,http://localhost:3000/uploads/estructura_panel_solar_kuelap.jpg
30000.0,inversor de red 100kw huawey trifasico 380vac,46000.0,,Unidades,INVERSORES DE RED,inversor_de_red_100kw_huawey_trifasico_380vac.jpg,http://localhost:3000/uploads/inversor_de_red_100kw_huawey_trifasico_380vac.jpg
15000.0,inversor de red 40kw huawey trifasico 380vac,27000.0,,Unidades,INVERSORES DE RED,inversor_de_red_40kw_huawey_trifasico_380vac.jpg,http://localhost:3000/uploads/inversor_de_red_40kw_huawey_trifasico_380vac.jpg
150.0,reflector solar 200w,210.0,,Unidades,ILUMINACION,reflector_solar_200w.jpg,http://localhost:3000/uploads/reflector_solar_200w.jpg
4800.0,victron energy multiplus 48/6500/100-50 230v,1.0,,Unidades,BATERIAS,victron_energy_multiplus_48_6500_100-50_230v.jpg,http://localhost:3000/uploads/victron_energy_multiplus_48_6500_100-50_230v.jpg
